[debug] [2025-10-10T18:21:57.571Z] ----------------------------------------------------------------------
[debug] [2025-10-10T18:21:57.575Z] Command:       C:\Program Files\nodejs\node.exe C:\Users\PLOTAGEM01\AppData\Roaming\npm\node_modules\firebase-tools\lib\bin\firebase.js emulators:start --only functions
[debug] [2025-10-10T18:21:57.575Z] CLI Version:   14.17.0
[debug] [2025-10-10T18:21:57.575Z] Platform:      win32
[debug] [2025-10-10T18:21:57.576Z] Node Version:  v22.14.0
[debug] [2025-10-10T18:21:57.576Z] Time:          Fri Oct 10 2025 15:21:57 GMT-0300 (Horário Padrão de Brasília)
[debug] [2025-10-10T18:21:57.576Z] ----------------------------------------------------------------------
[debug] 
[debug] [2025-10-10T18:21:59.290Z] > command requires scopes: ["email","openid","https://www.googleapis.com/auth/cloudplatformprojects.readonly","https://www.googleapis.com/auth/firebase","https://www.googleapis.com/auth/cloud-platform"]
[debug] [2025-10-10T18:21:59.290Z] > authorizing via signed-in user (ti.desenhar@gmail.com)
[info] i  emulators: Starting emulators: functions {"metadata":{"emulator":{"name":"hub"},"message":"Starting emulators: functions"}}
[debug] [2025-10-10T18:21:59.459Z] [logging] Logging Emulator only supports listening on one address (127.0.0.1). Not listening on ::1
[debug] [2025-10-10T18:21:59.460Z] assigned listening specs for emulators {"user":{"hub":[{"address":"127.0.0.1","family":"IPv4","port":4400},{"address":"::1","family":"IPv6","port":4400}],"ui":[{"address":"127.0.0.1","family":"IPv4","port":4000},{"address":"::1","family":"IPv6","port":4000}],"logging":[{"address":"127.0.0.1","family":"IPv4","port":4500}]},"metadata":{"message":"assigned listening specs for emulators"}}
[debug] [2025-10-10T18:21:59.481Z] Emulator locator file path: C:\Users\PLOTAG~1\AppData\Local\Temp\hub-gestaopedidos-desenhar.json
[debug] [2025-10-10T18:21:59.481Z] [hub] writing locator at C:\Users\PLOTAG~1\AppData\Local\Temp\hub-gestaopedidos-desenhar.json
[debug] [2025-10-10T18:21:59.563Z] [functions] Functions Emulator only supports listening on one address (127.0.0.1). Not listening on ::1
[debug] [2025-10-10T18:21:59.563Z] [eventarc] Eventarc Emulator only supports listening on one address (127.0.0.1). Not listening on ::1
[debug] [2025-10-10T18:21:59.563Z] [tasks] Cloud Tasks Emulator only supports listening on one address (127.0.0.1). Not listening on ::1
[debug] [2025-10-10T18:21:59.563Z] late-assigned ports for functions and eventarc emulators {"user":{"hub":[{"address":"127.0.0.1","family":"IPv4","port":4400},{"address":"::1","family":"IPv6","port":4400}],"ui":[{"address":"127.0.0.1","family":"IPv4","port":4000},{"address":"::1","family":"IPv6","port":4000}],"logging":[{"address":"127.0.0.1","family":"IPv4","port":4500}],"functions":[{"address":"127.0.0.1","family":"IPv4","port":5001}],"eventarc":[{"address":"127.0.0.1","family":"IPv4","port":9299}],"tasks":[{"address":"127.0.0.1","family":"IPv4","port":9499}]},"metadata":{"message":"late-assigned ports for functions and eventarc emulators"}}
[warn] !  functions: The following emulators are not running, calls to these services from the Functions emulator will affect production: apphosting, auth, firestore, database, hosting, pubsub, storage, dataconnect {"metadata":{"emulator":{"name":"functions"},"message":"The following emulators are not running, calls to these services from the Functions emulator will affect production: \u001b[1mapphosting, auth, firestore, database, hosting, pubsub, storage, dataconnect\u001b[22m"}}
[debug] [2025-10-10T18:21:59.650Z] defaultcredentials: writing to file C:\Users\PLOTAGEM01\AppData\Roaming\firebase\ti_desenhar_gmail.com_application_default_credentials.json
[debug] [2025-10-10T18:21:59.682Z] Setting GAC to C:\Users\PLOTAGEM01\AppData\Roaming\firebase\ti_desenhar_gmail.com_application_default_credentials.json {"metadata":{"emulator":{"name":"functions"},"message":"Setting GAC to C:\\Users\\PLOTAGEM01\\AppData\\Roaming\\firebase\\ti_desenhar_gmail.com_application_default_credentials.json"}}
[debug] [2025-10-10T18:21:59.683Z] Checked if tokens are valid: false, expires at: 1760104802927
[debug] [2025-10-10T18:21:59.683Z] Checked if tokens are valid: false, expires at: 1760104802927
[debug] [2025-10-10T18:21:59.686Z] > refreshing access token with scopes: []
[debug] [2025-10-10T18:21:59.689Z] >>> [apiv2][query] POST https://www.googleapis.com/oauth2/v3/token [none]
[debug] [2025-10-10T18:21:59.689Z] >>> [apiv2][body] POST https://www.googleapis.com/oauth2/v3/token [omitted]
[debug] [2025-10-10T18:21:59.933Z] <<< [apiv2][status] POST https://www.googleapis.com/oauth2/v3/token 200
[debug] [2025-10-10T18:21:59.934Z] <<< [apiv2][body] POST https://www.googleapis.com/oauth2/v3/token [omitted]
[debug] [2025-10-10T18:21:59.991Z] >>> [apiv2][query] GET https://firebase.googleapis.com/v1beta1/projects/gestaopedidos-desenhar/adminSdkConfig [none]
[debug] [2025-10-10T18:22:00.406Z] <<< [apiv2][status] GET https://firebase.googleapis.com/v1beta1/projects/gestaopedidos-desenhar/adminSdkConfig 200
[debug] [2025-10-10T18:22:00.406Z] <<< [apiv2][body] GET https://firebase.googleapis.com/v1beta1/projects/gestaopedidos-desenhar/adminSdkConfig {"projectId":"gestaopedidos-desenhar","storageBucket":"gestaopedidos-desenhar.firebasestorage.app"}
[info] i  functions: Watching "C:\Users\PLOTAGEM01\desenhar\functions" for Cloud Functions... {"metadata":{"emulator":{"name":"functions"},"message":"Watching \"C:\\Users\\PLOTAGEM01\\desenhar\\functions\" for Cloud Functions..."}}
[debug] [2025-10-10T18:22:00.459Z] Validating nodejs source
[warn] !  functions: package.json indicates an outdated version of firebase-functions. Please upgrade using npm install --save firebase-functions@latest in your functions directory. 
[debug] [2025-10-10T18:22:02.699Z] > [functions] package.json contents: {
  "name": "functions",
  "scripts": {
    "lint": "eslint .",
    "build": "tsc",
    "build:watch": "tsc --watch",
    "serve": "npm run build && firebase emulators:start --only functions",
    "shell": "npm run build && firebase functions:shell",
    "start": "npm run shell",
    "deploy": "firebase deploy --only functions",
    "logs": "firebase functions:log"
  },
  "engines": {
    "node": "20"
  },
  "main": "lib/index.js",
  "dependencies": {
    "axios": "^1.12.2",
    "express": "^4.18.2",
    "firebase-admin": "^12.6.0",
    "firebase-functions": "^6.4.0"
  },
  "devDependencies": {
    "@ljharb/tsconfig": "^0.3.2",
    "@typescript-eslint/eslint-plugin": "^5.12.0",
    "@typescript-eslint/parser": "^5.12.0",
    "eslint": "^8.9.0",
    "eslint-config-google": "^0.14.0",
    "eslint-plugin-import": "^2.25.4",
    "firebase-functions-test": "^3.1.0",
    "typescript": "^5.7.3"
  },
  "private": true
}
[debug] [2025-10-10T18:22:02.699Z] Building nodejs source
[debug] [2025-10-10T18:22:02.700Z] Failed to find version of module node: reached end of search path C:\Users\PLOTAGEM01\desenhar\functions\node_modules
[warn] !  functions: Your requested "node" version "20" doesn't match your global version "22". Using node@22 from host. 
[info] i  functions: Loaded environment variables from .env. 
[debug] [2025-10-10T18:22:02.706Z] Could not find functions.yaml. Must use http discovery
[debug] [2025-10-10T18:22:02.720Z] Found firebase-functions binary at 'C:\Users\PLOTAGEM01\desenhar\functions\node_modules\.bin\firebase-functions'
[info] Serving at port 8293

[debug] [2025-10-10T18:22:05.790Z] Got response from /__/functions.yaml {"endpoints":{"atendimentoApi":{"availableMemoryMb":null,"timeoutSeconds":null,"minInstances":null,"maxInstances":null,"ingressSettings":null,"concurrency":null,"serviceAccountEmail":null,"vpc":null,"platform":"gcfv2","region":["southamerica-east1"],"labels":{},"httpsTrigger":{},"entryPoint":"atendimentoApi"},"controlePedidosApi":{"availableMemoryMb":null,"timeoutSeconds":null,"minInstances":null,"maxInstances":null,"ingressSettings":null,"concurrency":null,"serviceAccountEmail":null,"vpc":null,"platform":"gcfv2","region":["southamerica-east1"],"labels":{},"httpsTrigger":{},"entryPoint":"controlePedidosApi"}},"specVersion":"v1alpha1","requiredAPIs":[],"extensions":{}}
[info] +  functions: Loaded functions definitions from source: atendimentoApi, controlePedidosApi. {"metadata":{"emulator":{"name":"functions"},"message":"Loaded functions definitions from source: atendimentoApi, controlePedidosApi."}}
[info] +  functions[southamerica-east1-atendimentoApi]: http function initialized (http://127.0.0.1:5001/gestaopedidos-desenhar/southamerica-east1/atendimentoApi). {"metadata":{"emulator":{"name":"functions"},"message":"\u001b[1mhttp\u001b[22m function initialized (http://127.0.0.1:5001/gestaopedidos-desenhar/southamerica-east1/atendimentoApi)."}}
[info] +  functions[southamerica-east1-controlePedidosApi]: http function initialized (http://127.0.0.1:5001/gestaopedidos-desenhar/southamerica-east1/controlePedidosApi). {"metadata":{"emulator":{"name":"functions"},"message":"\u001b[1mhttp\u001b[22m function initialized (http://127.0.0.1:5001/gestaopedidos-desenhar/southamerica-east1/controlePedidosApi)."}}
[debug] [2025-10-10T18:22:09.959Z] Could not find VSCode notification endpoint: FetchError: request to http://localhost:40001/vscode/notify failed, reason: . If you are not running the Firebase Data Connect VSCode extension, this is expected and not an issue.
[info] 
┌─────────────────────────────────────────────────────────────┐
│ ✔  All emulators ready! It is now safe to connect your app. │
│ i  View Emulator UI at http://127.0.0.1:4000/               │
└─────────────────────────────────────────────────────────────┘

┌───────────┬────────────────┬─────────────────────────────────┐
│ Emulator  │ Host:Port      │ View in Emulator UI             │
├───────────┼────────────────┼─────────────────────────────────┤
│ Functions │ 127.0.0.1:5001 │ http://127.0.0.1:4000/functions │
└───────────┴────────────────┴─────────────────────────────────┘
  Emulator Hub host: 127.0.0.1 port: 4400
  Other reserved ports: 4500

Issues? Report them at https://github.com/firebase/firebase-tools/issues and attach the *-debug.log files.
 
[debug] [2025-10-10T18:22:14.765Z] [work-queue] {"queuedWork":["/gestaopedidos-desenhar/southamerica-east1/controlePedidosApi/dashboard/buscarPedidos-2025-10-10T18:22:14.765Z"],"queueLength":1,"runningWork":[],"workRunningCount":0}
[debug] [2025-10-10T18:22:14.766Z] [work-queue] {"queuedWork":[],"queueLength":0,"runningWork":["/gestaopedidos-desenhar/southamerica-east1/controlePedidosApi/dashboard/buscarPedidos-2025-10-10T18:22:14.765Z"],"workRunningCount":1}
[debug] [2025-10-10T18:22:14.766Z] Accepted request OPTIONS /gestaopedidos-desenhar/southamerica-east1/controlePedidosApi/dashboard/buscarPedidos?porPagina=1 --> southamerica-east1-controlePedidosApi
[debug] [2025-10-10T18:22:14.767Z] [functions] Runtime ready! Sending request! {"metadata":{"emulator":{"name":"functions"},"message":"[functions] Runtime ready! Sending request!"}}
[debug] [2025-10-10T18:22:14.768Z] [functions] Got req.url=/gestaopedidos-desenhar/southamerica-east1/controlePedidosApi/dashboard/buscarPedidos?porPagina=1, mapping to path=/dashboard/buscarPedidos?porPagina=1 {"metadata":{"emulator":{"name":"functions"},"message":"[functions] Got req.url=/gestaopedidos-desenhar/southamerica-east1/controlePedidosApi/dashboard/buscarPedidos?porPagina=1, mapping to path=/dashboard/buscarPedidos?porPagina=1"}}
[info] i  functions: Loaded environment variables from .env. 
[debug] [2025-10-10T18:22:14.785Z] [worker-pool] addWorker(southamerica-east1-controlePedidosApi) {"metadata":{"emulator":{"name":"functions"},"message":"[worker-pool] addWorker(southamerica-east1-controlePedidosApi)"}}
[debug] [2025-10-10T18:22:14.786Z] [worker-pool] Adding worker with key southamerica-east1-controlePedidosApi, total=1 {"metadata":{"emulator":{"name":"functions"},"message":"[worker-pool] Adding worker with key southamerica-east1-controlePedidosApi, total=1"}}
[debug] [2025-10-10T18:22:17.273Z] [runtime-status] [5096] Resolved module firebase-admin {"declared":true,"installed":true,"version":"12.7.0","resolution":"C:\\Users\\PLOTAGEM01\\desenhar\\functions\\node_modules\\firebase-admin\\lib\\index.js"} {"metadata":{"emulator":{"name":"functions"},"function":{"name":"southamerica-east1-controlePedidosApi"},"extension":{},"message":"[runtime-status] [5096] Resolved module firebase-admin {\"declared\":true,\"installed\":true,\"version\":\"12.7.0\",\"resolution\":\"C:\\\\Users\\\\PLOTAGEM01\\\\desenhar\\\\functions\\\\node_modules\\\\firebase-admin\\\\lib\\\\index.js\"}"}}
[debug] [2025-10-10T18:22:17.277Z] [runtime-status] [5096] Resolved module firebase-functions {"declared":true,"installed":true,"version":"6.4.0","resolution":"C:\\Users\\PLOTAGEM01\\desenhar\\functions\\node_modules\\firebase-functions\\lib\\v2\\index.js"} {"metadata":{"emulator":{"name":"functions"},"function":{"name":"southamerica-east1-controlePedidosApi"},"extension":{},"message":"[runtime-status] [5096] Resolved module firebase-functions {\"declared\":true,\"installed\":true,\"version\":\"6.4.0\",\"resolution\":\"C:\\\\Users\\\\PLOTAGEM01\\\\desenhar\\\\functions\\\\node_modules\\\\firebase-functions\\\\lib\\\\v2\\\\index.js\"}"}}
[debug] [2025-10-10T18:22:17.284Z] [runtime-status] [5096] Outgoing network have been stubbed. [{"name":"http","status":"mocked"},{"name":"http","status":"mocked"},{"name":"https","status":"mocked"},{"name":"https","status":"mocked"},{"name":"net","status":"mocked"}] {"metadata":{"emulator":{"name":"functions"},"function":{"name":"southamerica-east1-controlePedidosApi"},"extension":{},"message":"[runtime-status] [5096] Outgoing network have been stubbed. [{\"name\":\"http\",\"status\":\"mocked\"},{\"name\":\"http\",\"status\":\"mocked\"},{\"name\":\"https\",\"status\":\"mocked\"},{\"name\":\"https\",\"status\":\"mocked\"},{\"name\":\"net\",\"status\":\"mocked\"}]"}}
[debug] [2025-10-10T18:22:17.286Z] [runtime-status] [5096] Resolved module firebase-functions {"declared":true,"installed":true,"version":"6.4.0","resolution":"C:\\Users\\PLOTAGEM01\\desenhar\\functions\\node_modules\\firebase-functions\\lib\\v2\\index.js"} {"metadata":{"emulator":{"name":"functions"},"function":{"name":"southamerica-east1-controlePedidosApi"},"extension":{},"message":"[runtime-status] [5096] Resolved module firebase-functions {\"declared\":true,\"installed\":true,\"version\":\"6.4.0\",\"resolution\":\"C:\\\\Users\\\\PLOTAGEM01\\\\desenhar\\\\functions\\\\node_modules\\\\firebase-functions\\\\lib\\\\v2\\\\index.js\"}"}}
[debug] [2025-10-10T18:22:17.875Z] [runtime-status] [5096] Checked functions.config() {"config":{}} {"metadata":{"emulator":{"name":"functions"},"function":{"name":"southamerica-east1-controlePedidosApi"},"extension":{},"message":"[runtime-status] [5096] Checked functions.config() {\"config\":{}}"}}
[debug] [2025-10-10T18:22:17.875Z] [runtime-status] [5096] firebase-functions has been stubbed. {"functionsResolution":{"declared":true,"installed":true,"version":"6.4.0","resolution":"C:\\Users\\PLOTAGEM01\\desenhar\\functions\\node_modules\\firebase-functions\\lib\\v2\\index.js"}} {"metadata":{"emulator":{"name":"functions"},"function":{"name":"southamerica-east1-controlePedidosApi"},"extension":{},"message":"[runtime-status] [5096] firebase-functions has been stubbed. {\"functionsResolution\":{\"declared\":true,\"installed\":true,\"version\":\"6.4.0\",\"resolution\":\"C:\\\\Users\\\\PLOTAGEM01\\\\desenhar\\\\functions\\\\node_modules\\\\firebase-functions\\\\lib\\\\v2\\\\index.js\"}}"}}
[debug] [2025-10-10T18:22:17.877Z] [runtime-status] [5096] Resolved module firebase-functions {"declared":true,"installed":true,"version":"6.4.0","resolution":"C:\\Users\\PLOTAGEM01\\desenhar\\functions\\node_modules\\firebase-functions\\lib\\v2\\index.js"} {"metadata":{"emulator":{"name":"functions"},"function":{"name":"southamerica-east1-controlePedidosApi"},"extension":{},"message":"[runtime-status] [5096] Resolved module firebase-functions {\"declared\":true,\"installed\":true,\"version\":\"6.4.0\",\"resolution\":\"C:\\\\Users\\\\PLOTAGEM01\\\\desenhar\\\\functions\\\\node_modules\\\\firebase-functions\\\\lib\\\\v2\\\\index.js\"}"}}
[debug] [2025-10-10T18:22:17.890Z] [runtime-status] [5096] Resolved module firebase-admin {"declared":true,"installed":true,"version":"12.7.0","resolution":"C:\\Users\\PLOTAGEM01\\desenhar\\functions\\node_modules\\firebase-admin\\lib\\index.js"} {"metadata":{"emulator":{"name":"functions"},"function":{"name":"southamerica-east1-controlePedidosApi"},"extension":{},"message":"[runtime-status] [5096] Resolved module firebase-admin {\"declared\":true,\"installed\":true,\"version\":\"12.7.0\",\"resolution\":\"C:\\\\Users\\\\PLOTAGEM01\\\\desenhar\\\\functions\\\\node_modules\\\\firebase-admin\\\\lib\\\\index.js\"}"}}
[debug] [2025-10-10T18:22:17.894Z] [runtime-status] [5096] Resolved module firebase-functions {"declared":true,"installed":true,"version":"6.4.0","resolution":"C:\\Users\\PLOTAGEM01\\desenhar\\functions\\node_modules\\firebase-functions\\lib\\v2\\index.js"} {"metadata":{"emulator":{"name":"functions"},"function":{"name":"southamerica-east1-controlePedidosApi"},"extension":{},"message":"[runtime-status] [5096] Resolved module firebase-functions {\"declared\":true,\"installed\":true,\"version\":\"6.4.0\",\"resolution\":\"C:\\\\Users\\\\PLOTAGEM01\\\\desenhar\\\\functions\\\\node_modules\\\\firebase-functions\\\\lib\\\\v2\\\\index.js\"}"}}
[debug] [2025-10-10T18:22:17.894Z] [runtime-status] [5096] firebase-admin has been stubbed. {"adminResolution":{"declared":true,"installed":true,"version":"12.7.0","resolution":"C:\\Users\\PLOTAGEM01\\desenhar\\functions\\node_modules\\firebase-admin\\lib\\index.js"}} {"metadata":{"emulator":{"name":"functions"},"function":{"name":"southamerica-east1-controlePedidosApi"},"extension":{},"message":"[runtime-status] [5096] firebase-admin has been stubbed. {\"adminResolution\":{\"declared\":true,\"installed\":true,\"version\":\"12.7.0\",\"resolution\":\"C:\\\\Users\\\\PLOTAGEM01\\\\desenhar\\\\functions\\\\node_modules\\\\firebase-admin\\\\lib\\\\index.js\"}}"}}
[debug] [2025-10-10T18:22:17.900Z] [runtime-status] [5096] initializeApp(DEFAULT) {"storageBucket":"gestaopedidos-desenhar.firebasestorage.app","projectId":"gestaopedidos-desenhar"} {"metadata":{"emulator":{"name":"functions"},"function":{"name":"southamerica-east1-controlePedidosApi"},"extension":{},"message":"[runtime-status] [5096] initializeApp(DEFAULT) {\"storageBucket\":\"gestaopedidos-desenhar.firebasestorage.app\",\"projectId\":\"gestaopedidos-desenhar\"}"}}
[debug] [2025-10-10T18:22:18.152Z] [runtime-status] [5096] Functions runtime initialized. {"cwd":"C:\\Users\\PLOTAGEM01\\desenhar\\functions","node_version":"22.14.0"} {"metadata":{"emulator":{"name":"functions"},"function":{"name":"southamerica-east1-controlePedidosApi"},"extension":{},"message":"[runtime-status] [5096] Functions runtime initialized. {\"cwd\":\"C:\\\\Users\\\\PLOTAGEM01\\\\desenhar\\\\functions\",\"node_version\":\"22.14.0\"}"}}
[debug] [2025-10-10T18:22:18.152Z] [runtime-status] [5096] Listening to port: \\?\pipe\fire_emu_ec5cb8900b6e25ba {"metadata":{"emulator":{"name":"functions"},"function":{"name":"southamerica-east1-controlePedidosApi"},"extension":{},"message":"[runtime-status] [5096] Listening to port: \\\\?\\pipe\\fire_emu_ec5cb8900b6e25ba"}}
[debug] [2025-10-10T18:22:18.166Z] [worker-southamerica-east1-controlePedidosApi-c48350f6-c28f-491e-a5b6-2b81747d9a01]: IDLE {"metadata":{"emulator":{"name":"functions"},"function":{"name":"southamerica-east1-controlePedidosApi"},"extension":{},"message":"[worker-southamerica-east1-controlePedidosApi-c48350f6-c28f-491e-a5b6-2b81747d9a01]: IDLE"}}
[debug] [2025-10-10T18:22:18.166Z] [worker-pool] submitRequest(triggerId=southamerica-east1-controlePedidosApi) {"metadata":{"emulator":{"name":"functions"},"message":"[worker-pool] submitRequest(triggerId=southamerica-east1-controlePedidosApi)"}}
[info] i  functions: Beginning execution of "southamerica-east1-controlePedidosApi" {"metadata":{"emulator":{"name":"functions"},"function":{"name":"southamerica-east1-controlePedidosApi"},"extension":{},"message":"Beginning execution of \"southamerica-east1-controlePedidosApi\""}}
[debug] [2025-10-10T18:22:18.167Z] [worker-southamerica-east1-controlePedidosApi-c48350f6-c28f-491e-a5b6-2b81747d9a01]: BUSY {"metadata":{"emulator":{"name":"functions"},"function":{"name":"southamerica-east1-controlePedidosApi"},"extension":{},"message":"[worker-southamerica-east1-controlePedidosApi-c48350f6-c28f-491e-a5b6-2b81747d9a01]: BUSY"}}
[debug] [2025-10-10T18:22:18.188Z] Finishing up request with event=pause {"metadata":{"emulator":{"name":"functions"},"function":{"name":"southamerica-east1-controlePedidosApi"},"extension":{},"message":"Finishing up request with event=pause"}}
[info] i  functions: Finished "southamerica-east1-controlePedidosApi" in 21.2906ms {"metadata":{"emulator":{"name":"functions"},"function":{"name":"southamerica-east1-controlePedidosApi"},"extension":{},"message":"Finished \"southamerica-east1-controlePedidosApi\" in 21.2906ms"}}
[debug] [2025-10-10T18:22:18.192Z] [worker-southamerica-east1-controlePedidosApi-c48350f6-c28f-491e-a5b6-2b81747d9a01]: IDLE {"metadata":{"emulator":{"name":"functions"},"function":{"name":"southamerica-east1-controlePedidosApi"},"extension":{},"message":"[worker-southamerica-east1-controlePedidosApi-c48350f6-c28f-491e-a5b6-2b81747d9a01]: IDLE"}}
[debug] [2025-10-10T18:22:18.192Z] Finishing up request with event=finish {"metadata":{"emulator":{"name":"functions"},"function":{"name":"southamerica-east1-controlePedidosApi"},"extension":{},"message":"Finishing up request with event=finish"}}
[debug] [2025-10-10T18:22:18.192Z] Finishing up request with event=close {"metadata":{"emulator":{"name":"functions"},"function":{"name":"southamerica-east1-controlePedidosApi"},"extension":{},"message":"Finishing up request with event=close"}}
[debug] [2025-10-10T18:22:18.192Z] [work-queue] {"queuedWork":[],"queueLength":0,"runningWork":[],"workRunningCount":0}
[debug] [2025-10-10T18:22:18.195Z] [work-queue] {"queuedWork":["/gestaopedidos-desenhar/southamerica-east1/controlePedidosApi/dashboard/buscarPedidos-2025-10-10T18:22:18.195Z"],"queueLength":1,"runningWork":[],"workRunningCount":0}
[debug] [2025-10-10T18:22:18.195Z] [work-queue] {"queuedWork":[],"queueLength":0,"runningWork":["/gestaopedidos-desenhar/southamerica-east1/controlePedidosApi/dashboard/buscarPedidos-2025-10-10T18:22:18.195Z"],"workRunningCount":1}
[debug] [2025-10-10T18:22:18.195Z] Accepted request GET /gestaopedidos-desenhar/southamerica-east1/controlePedidosApi/dashboard/buscarPedidos?porPagina=1 --> southamerica-east1-controlePedidosApi
[debug] [2025-10-10T18:22:18.196Z] [functions] Runtime ready! Sending request! {"metadata":{"emulator":{"name":"functions"},"message":"[functions] Runtime ready! Sending request!"}}
[debug] [2025-10-10T18:22:18.196Z] [functions] Got req.url=/gestaopedidos-desenhar/southamerica-east1/controlePedidosApi/dashboard/buscarPedidos?porPagina=1, mapping to path=/dashboard/buscarPedidos?porPagina=1 {"metadata":{"emulator":{"name":"functions"},"message":"[functions] Got req.url=/gestaopedidos-desenhar/southamerica-east1/controlePedidosApi/dashboard/buscarPedidos?porPagina=1, mapping to path=/dashboard/buscarPedidos?porPagina=1"}}
[debug] [2025-10-10T18:22:18.196Z] [worker-pool] submitRequest(triggerId=southamerica-east1-controlePedidosApi) {"metadata":{"emulator":{"name":"functions"},"message":"[worker-pool] submitRequest(triggerId=southamerica-east1-controlePedidosApi)"}}
[info] i  functions: Beginning execution of "southamerica-east1-controlePedidosApi" {"metadata":{"emulator":{"name":"functions"},"function":{"name":"southamerica-east1-controlePedidosApi"},"extension":{},"message":"Beginning execution of \"southamerica-east1-controlePedidosApi\""}}
[debug] [2025-10-10T18:22:18.199Z] [worker-southamerica-east1-controlePedidosApi-c48350f6-c28f-491e-a5b6-2b81747d9a01]: BUSY {"metadata":{"emulator":{"name":"functions"},"function":{"name":"southamerica-east1-controlePedidosApi"},"extension":{},"message":"[worker-southamerica-east1-controlePedidosApi-c48350f6-c28f-491e-a5b6-2b81747d9a01]: BUSY"}}
[warn] !  functions: The Firebase Authentication emulator is not running, so calls to Firebase Authentication will affect production. {"metadata":{"emulator":{"name":"functions"},"function":{"name":"southamerica-east1-controlePedidosApi"},"extension":{},"message":"The Firebase Authentication emulator is not running, so calls to Firebase Authentication will affect production."}}
[warn] !  functions: The Cloud Firestore emulator is not running, so calls to Firestore will affect production. {"metadata":{"emulator":{"name":"functions"},"function":{"name":"southamerica-east1-controlePedidosApi"},"extension":{},"message":"The Cloud Firestore emulator is not running, so calls to Firestore will affect production."}}
[warn] !  Google API requested!
   - URL: "https://oauth2.googleapis.com/token"
   - Be careful, this may be a production service. {"metadata":{"emulator":{"name":"functions"},"function":{"name":"southamerica-east1-controlePedidosApi"},"extension":{},"message":"Google API requested!\n   - URL: \"https://oauth2.googleapis.com/token\"\n   - Be careful, this may be a production service."}}
[info] >  Contagem total de pedidos: 559 {"user":"Contagem total de pedidos: 559","metadata":{"emulator":{"name":"functions"},"function":{"name":"southamerica-east1-controlePedidosApi"},"extension":{},"message":"\u001b[90m> \u001b[39m Contagem total de pedidos: 559"}}
[debug] [2025-10-10T18:22:20.819Z] Finishing up request with event=pause {"metadata":{"emulator":{"name":"functions"},"function":{"name":"southamerica-east1-controlePedidosApi"},"extension":{},"message":"Finishing up request with event=pause"}}
[info] i  functions: Finished "southamerica-east1-controlePedidosApi" in 2620.5555ms {"metadata":{"emulator":{"name":"functions"},"function":{"name":"southamerica-east1-controlePedidosApi"},"extension":{},"message":"Finished \"southamerica-east1-controlePedidosApi\" in 2620.5555ms"}}
[debug] [2025-10-10T18:22:20.827Z] [worker-southamerica-east1-controlePedidosApi-c48350f6-c28f-491e-a5b6-2b81747d9a01]: IDLE {"metadata":{"emulator":{"name":"functions"},"function":{"name":"southamerica-east1-controlePedidosApi"},"extension":{},"message":"[worker-southamerica-east1-controlePedidosApi-c48350f6-c28f-491e-a5b6-2b81747d9a01]: IDLE"}}
[debug] [2025-10-10T18:22:20.829Z] Finishing up request with event=finish {"metadata":{"emulator":{"name":"functions"},"function":{"name":"southamerica-east1-controlePedidosApi"},"extension":{},"message":"Finishing up request with event=finish"}}
[debug] [2025-10-10T18:22:20.829Z] Finishing up request with event=close {"metadata":{"emulator":{"name":"functions"},"function":{"name":"southamerica-east1-controlePedidosApi"},"extension":{},"message":"Finishing up request with event=close"}}
[debug] [2025-10-10T18:22:20.829Z] [work-queue] {"queuedWork":[],"queueLength":0,"runningWork":[],"workRunningCount":0}
[debug] [2025-10-10T18:22:21.182Z] [work-queue] {"queuedWork":["/gestaopedidos-desenhar/southamerica-east1/controlePedidosApi/dashboard/buscarPedidos-2025-10-10T18:22:21.182Z"],"queueLength":1,"runningWork":[],"workRunningCount":0}
[debug] [2025-10-10T18:22:21.183Z] [work-queue] {"queuedWork":[],"queueLength":0,"runningWork":["/gestaopedidos-desenhar/southamerica-east1/controlePedidosApi/dashboard/buscarPedidos-2025-10-10T18:22:21.182Z"],"workRunningCount":1}
[debug] [2025-10-10T18:22:21.183Z] Accepted request OPTIONS /gestaopedidos-desenhar/southamerica-east1/controlePedidosApi/dashboard/buscarPedidos?filtroTipo=&filtroSubTipo=&filtroStatus=&filtroResponsavelUid=&filtroAtrasados=&porPagina=10&filtroCliente=&filtroRequerArte=&filtroRequerGalpao= --> southamerica-east1-controlePedidosApi
[debug] [2025-10-10T18:22:21.184Z] [functions] Runtime ready! Sending request! {"metadata":{"emulator":{"name":"functions"},"message":"[functions] Runtime ready! Sending request!"}}
[debug] [2025-10-10T18:22:21.184Z] [functions] Got req.url=/gestaopedidos-desenhar/southamerica-east1/controlePedidosApi/dashboard/buscarPedidos?filtroTipo=&filtroSubTipo=&filtroStatus=&filtroResponsavelUid=&filtroAtrasados=&porPagina=10&filtroCliente=&filtroRequerArte=&filtroRequerGalpao=, mapping to path=/dashboard/buscarPedidos?filtroTipo=&filtroSubTipo=&filtroStatus=&filtroResponsavelUid=&filtroAtrasados=&porPagina=10&filtroCliente=&filtroRequerArte=&filtroRequerGalpao= {"metadata":{"emulator":{"name":"functions"},"message":"[functions] Got req.url=/gestaopedidos-desenhar/southamerica-east1/controlePedidosApi/dashboard/buscarPedidos?filtroTipo=&filtroSubTipo=&filtroStatus=&filtroResponsavelUid=&filtroAtrasados=&porPagina=10&filtroCliente=&filtroRequerArte=&filtroRequerGalpao=, mapping to path=/dashboard/buscarPedidos?filtroTipo=&filtroSubTipo=&filtroStatus=&filtroResponsavelUid=&filtroAtrasados=&porPagina=10&filtroCliente=&filtroRequerArte=&filtroRequerGalpao="}}
[debug] [2025-10-10T18:22:21.184Z] [worker-pool] submitRequest(triggerId=southamerica-east1-controlePedidosApi) {"metadata":{"emulator":{"name":"functions"},"message":"[worker-pool] submitRequest(triggerId=southamerica-east1-controlePedidosApi)"}}
[info] i  functions: Beginning execution of "southamerica-east1-controlePedidosApi" {"metadata":{"emulator":{"name":"functions"},"function":{"name":"southamerica-east1-controlePedidosApi"},"extension":{},"message":"Beginning execution of \"southamerica-east1-controlePedidosApi\""}}
[debug] [2025-10-10T18:22:21.185Z] [worker-southamerica-east1-controlePedidosApi-c48350f6-c28f-491e-a5b6-2b81747d9a01]: BUSY {"metadata":{"emulator":{"name":"functions"},"function":{"name":"southamerica-east1-controlePedidosApi"},"extension":{},"message":"[worker-southamerica-east1-controlePedidosApi-c48350f6-c28f-491e-a5b6-2b81747d9a01]: BUSY"}}
[debug] [2025-10-10T18:22:21.186Z] [work-queue] {"queuedWork":["/gestaopedidos-desenhar/southamerica-east1/controlePedidosApi/dashboard/buscarPedidos-2025-10-10T18:22:21.186Z"],"queueLength":1,"runningWork":["/gestaopedidos-desenhar/southamerica-east1/controlePedidosApi/dashboard/buscarPedidos-2025-10-10T18:22:21.182Z"],"workRunningCount":1}
[debug] [2025-10-10T18:22:21.187Z] [work-queue] {"queuedWork":[],"queueLength":0,"runningWork":["/gestaopedidos-desenhar/southamerica-east1/controlePedidosApi/dashboard/buscarPedidos-2025-10-10T18:22:21.182Z","/gestaopedidos-desenhar/southamerica-east1/controlePedidosApi/dashboard/buscarPedidos-2025-10-10T18:22:21.186Z"],"workRunningCount":2}
[debug] [2025-10-10T18:22:21.187Z] Accepted request OPTIONS /gestaopedidos-desenhar/southamerica-east1/controlePedidosApi/dashboard/buscarPedidos?filtroTipo=&filtroSubTipo=&filtroStatus=&filtroResponsavelUid=&filtroAtrasados=&porPagina=10&filtroCliente=&filtroRequerArte=&filtroRequerGalpao= --> southamerica-east1-controlePedidosApi
[debug] [2025-10-10T18:22:21.190Z] [functions] Runtime ready! Sending request! {"metadata":{"emulator":{"name":"functions"},"message":"[functions] Runtime ready! Sending request!"}}
[debug] [2025-10-10T18:22:21.190Z] [functions] Got req.url=/gestaopedidos-desenhar/southamerica-east1/controlePedidosApi/dashboard/buscarPedidos?filtroTipo=&filtroSubTipo=&filtroStatus=&filtroResponsavelUid=&filtroAtrasados=&porPagina=10&filtroCliente=&filtroRequerArte=&filtroRequerGalpao=, mapping to path=/dashboard/buscarPedidos?filtroTipo=&filtroSubTipo=&filtroStatus=&filtroResponsavelUid=&filtroAtrasados=&porPagina=10&filtroCliente=&filtroRequerArte=&filtroRequerGalpao= {"metadata":{"emulator":{"name":"functions"},"message":"[functions] Got req.url=/gestaopedidos-desenhar/southamerica-east1/controlePedidosApi/dashboard/buscarPedidos?filtroTipo=&filtroSubTipo=&filtroStatus=&filtroResponsavelUid=&filtroAtrasados=&porPagina=10&filtroCliente=&filtroRequerArte=&filtroRequerGalpao=, mapping to path=/dashboard/buscarPedidos?filtroTipo=&filtroSubTipo=&filtroStatus=&filtroResponsavelUid=&filtroAtrasados=&porPagina=10&filtroCliente=&filtroRequerArte=&filtroRequerGalpao="}}
[info] i  functions: Loaded environment variables from .env. 
[debug] [2025-10-10T18:22:21.199Z] [worker-pool] addWorker(southamerica-east1-controlePedidosApi) {"metadata":{"emulator":{"name":"functions"},"message":"[worker-pool] addWorker(southamerica-east1-controlePedidosApi)"}}
[debug] [2025-10-10T18:22:21.199Z] [worker-pool] Adding worker with key southamerica-east1-controlePedidosApi, total=2 {"metadata":{"emulator":{"name":"functions"},"message":"[worker-pool] Adding worker with key southamerica-east1-controlePedidosApi, total=2"}}
[debug] [2025-10-10T18:22:21.201Z] Finishing up request with event=pause {"metadata":{"emulator":{"name":"functions"},"function":{"name":"southamerica-east1-controlePedidosApi"},"extension":{},"message":"Finishing up request with event=pause"}}
[info] i  functions: Finished "southamerica-east1-controlePedidosApi" in 16.5393ms {"metadata":{"emulator":{"name":"functions"},"function":{"name":"southamerica-east1-controlePedidosApi"},"extension":{},"message":"Finished \"southamerica-east1-controlePedidosApi\" in 16.5393ms"}}
[debug] [2025-10-10T18:22:21.203Z] [worker-southamerica-east1-controlePedidosApi-c48350f6-c28f-491e-a5b6-2b81747d9a01]: IDLE {"metadata":{"emulator":{"name":"functions"},"function":{"name":"southamerica-east1-controlePedidosApi"},"extension":{},"message":"[worker-southamerica-east1-controlePedidosApi-c48350f6-c28f-491e-a5b6-2b81747d9a01]: IDLE"}}
[debug] [2025-10-10T18:22:21.203Z] Finishing up request with event=finish {"metadata":{"emulator":{"name":"functions"},"function":{"name":"southamerica-east1-controlePedidosApi"},"extension":{},"message":"Finishing up request with event=finish"}}
[debug] [2025-10-10T18:22:21.203Z] Finishing up request with event=close {"metadata":{"emulator":{"name":"functions"},"function":{"name":"southamerica-east1-controlePedidosApi"},"extension":{},"message":"Finishing up request with event=close"}}
[debug] [2025-10-10T18:22:21.203Z] [work-queue] {"queuedWork":[],"queueLength":0,"runningWork":["/gestaopedidos-desenhar/southamerica-east1/controlePedidosApi/dashboard/buscarPedidos-2025-10-10T18:22:21.186Z"],"workRunningCount":1}
[debug] [2025-10-10T18:22:21.234Z] [work-queue] {"queuedWork":["/gestaopedidos-desenhar/southamerica-east1/controlePedidosApi/dashboard/buscarPedidos-2025-10-10T18:22:21.234Z"],"queueLength":1,"runningWork":["/gestaopedidos-desenhar/southamerica-east1/controlePedidosApi/dashboard/buscarPedidos-2025-10-10T18:22:21.186Z"],"workRunningCount":1}
[debug] [2025-10-10T18:22:21.234Z] [work-queue] {"queuedWork":[],"queueLength":0,"runningWork":["/gestaopedidos-desenhar/southamerica-east1/controlePedidosApi/dashboard/buscarPedidos-2025-10-10T18:22:21.186Z","/gestaopedidos-desenhar/southamerica-east1/controlePedidosApi/dashboard/buscarPedidos-2025-10-10T18:22:21.234Z"],"workRunningCount":2}
[debug] [2025-10-10T18:22:21.234Z] Accepted request GET /gestaopedidos-desenhar/southamerica-east1/controlePedidosApi/dashboard/buscarPedidos?filtroTipo=&filtroSubTipo=&filtroStatus=&filtroResponsavelUid=&filtroAtrasados=&porPagina=10&filtroCliente=&filtroRequerArte=&filtroRequerGalpao= --> southamerica-east1-controlePedidosApi
[debug] [2025-10-10T18:22:21.237Z] [functions] Runtime ready! Sending request! {"metadata":{"emulator":{"name":"functions"},"message":"[functions] Runtime ready! Sending request!"}}
[debug] [2025-10-10T18:22:21.238Z] [functions] Got req.url=/gestaopedidos-desenhar/southamerica-east1/controlePedidosApi/dashboard/buscarPedidos?filtroTipo=&filtroSubTipo=&filtroStatus=&filtroResponsavelUid=&filtroAtrasados=&porPagina=10&filtroCliente=&filtroRequerArte=&filtroRequerGalpao=, mapping to path=/dashboard/buscarPedidos?filtroTipo=&filtroSubTipo=&filtroStatus=&filtroResponsavelUid=&filtroAtrasados=&porPagina=10&filtroCliente=&filtroRequerArte=&filtroRequerGalpao= {"metadata":{"emulator":{"name":"functions"},"message":"[functions] Got req.url=/gestaopedidos-desenhar/southamerica-east1/controlePedidosApi/dashboard/buscarPedidos?filtroTipo=&filtroSubTipo=&filtroStatus=&filtroResponsavelUid=&filtroAtrasados=&porPagina=10&filtroCliente=&filtroRequerArte=&filtroRequerGalpao=, mapping to path=/dashboard/buscarPedidos?filtroTipo=&filtroSubTipo=&filtroStatus=&filtroResponsavelUid=&filtroAtrasados=&porPagina=10&filtroCliente=&filtroRequerArte=&filtroRequerGalpao="}}
[debug] [2025-10-10T18:22:21.238Z] [worker-pool] submitRequest(triggerId=southamerica-east1-controlePedidosApi) {"metadata":{"emulator":{"name":"functions"},"message":"[worker-pool] submitRequest(triggerId=southamerica-east1-controlePedidosApi)"}}
[info] i  functions: Beginning execution of "southamerica-east1-controlePedidosApi" {"metadata":{"emulator":{"name":"functions"},"function":{"name":"southamerica-east1-controlePedidosApi"},"extension":{},"message":"Beginning execution of \"southamerica-east1-controlePedidosApi\""}}
[debug] [2025-10-10T18:22:21.240Z] [worker-southamerica-east1-controlePedidosApi-c48350f6-c28f-491e-a5b6-2b81747d9a01]: BUSY {"metadata":{"emulator":{"name":"functions"},"function":{"name":"southamerica-east1-controlePedidosApi"},"extension":{},"message":"[worker-southamerica-east1-controlePedidosApi-c48350f6-c28f-491e-a5b6-2b81747d9a01]: BUSY"}}
[info] >  Contagem total de pedidos: 559 {"user":"Contagem total de pedidos: 559","metadata":{"emulator":{"name":"functions"},"function":{"name":"southamerica-east1-controlePedidosApi"},"extension":{},"message":"\u001b[90m> \u001b[39m Contagem total de pedidos: 559"}}
[debug] [2025-10-10T18:22:21.484Z] Finishing up request with event=pause {"metadata":{"emulator":{"name":"functions"},"function":{"name":"southamerica-east1-controlePedidosApi"},"extension":{},"message":"Finishing up request with event=pause"}}
[info] i  functions: Finished "southamerica-east1-controlePedidosApi" in 243.62ms {"metadata":{"emulator":{"name":"functions"},"function":{"name":"southamerica-east1-controlePedidosApi"},"extension":{},"message":"Finished \"southamerica-east1-controlePedidosApi\" in 243.62ms"}}
[debug] [2025-10-10T18:22:21.487Z] [worker-southamerica-east1-controlePedidosApi-c48350f6-c28f-491e-a5b6-2b81747d9a01]: IDLE {"metadata":{"emulator":{"name":"functions"},"function":{"name":"southamerica-east1-controlePedidosApi"},"extension":{},"message":"[worker-southamerica-east1-controlePedidosApi-c48350f6-c28f-491e-a5b6-2b81747d9a01]: IDLE"}}
[debug] [2025-10-10T18:22:21.487Z] Finishing up request with event=finish {"metadata":{"emulator":{"name":"functions"},"function":{"name":"southamerica-east1-controlePedidosApi"},"extension":{},"message":"Finishing up request with event=finish"}}
[debug] [2025-10-10T18:22:21.487Z] Finishing up request with event=close {"metadata":{"emulator":{"name":"functions"},"function":{"name":"southamerica-east1-controlePedidosApi"},"extension":{},"message":"Finishing up request with event=close"}}
[debug] [2025-10-10T18:22:21.487Z] [work-queue] {"queuedWork":[],"queueLength":0,"runningWork":["/gestaopedidos-desenhar/southamerica-east1/controlePedidosApi/dashboard/buscarPedidos-2025-10-10T18:22:21.186Z"],"workRunningCount":1}
[debug] [2025-10-10T18:22:23.308Z] [runtime-status] [6076] Resolved module firebase-admin {"declared":true,"installed":true,"version":"12.7.0","resolution":"C:\\Users\\PLOTAGEM01\\desenhar\\functions\\node_modules\\firebase-admin\\lib\\index.js"} {"metadata":{"emulator":{"name":"functions"},"function":{"name":"southamerica-east1-controlePedidosApi"},"extension":{},"message":"[runtime-status] [6076] Resolved module firebase-admin {\"declared\":true,\"installed\":true,\"version\":\"12.7.0\",\"resolution\":\"C:\\\\Users\\\\PLOTAGEM01\\\\desenhar\\\\functions\\\\node_modules\\\\firebase-admin\\\\lib\\\\index.js\"}"}}
[debug] [2025-10-10T18:22:23.310Z] [runtime-status] [6076] Resolved module firebase-functions {"declared":true,"installed":true,"version":"6.4.0","resolution":"C:\\Users\\PLOTAGEM01\\desenhar\\functions\\node_modules\\firebase-functions\\lib\\v2\\index.js"} {"metadata":{"emulator":{"name":"functions"},"function":{"name":"southamerica-east1-controlePedidosApi"},"extension":{},"message":"[runtime-status] [6076] Resolved module firebase-functions {\"declared\":true,\"installed\":true,\"version\":\"6.4.0\",\"resolution\":\"C:\\\\Users\\\\PLOTAGEM01\\\\desenhar\\\\functions\\\\node_modules\\\\firebase-functions\\\\lib\\\\v2\\\\index.js\"}"}}
[debug] [2025-10-10T18:22:23.311Z] [runtime-status] [6076] Outgoing network have been stubbed. [{"name":"http","status":"mocked"},{"name":"http","status":"mocked"},{"name":"https","status":"mocked"},{"name":"https","status":"mocked"},{"name":"net","status":"mocked"}] {"metadata":{"emulator":{"name":"functions"},"function":{"name":"southamerica-east1-controlePedidosApi"},"extension":{},"message":"[runtime-status] [6076] Outgoing network have been stubbed. [{\"name\":\"http\",\"status\":\"mocked\"},{\"name\":\"http\",\"status\":\"mocked\"},{\"name\":\"https\",\"status\":\"mocked\"},{\"name\":\"https\",\"status\":\"mocked\"},{\"name\":\"net\",\"status\":\"mocked\"}]"}}
[debug] [2025-10-10T18:22:23.312Z] [runtime-status] [6076] Resolved module firebase-functions {"declared":true,"installed":true,"version":"6.4.0","resolution":"C:\\Users\\PLOTAGEM01\\desenhar\\functions\\node_modules\\firebase-functions\\lib\\v2\\index.js"} {"metadata":{"emulator":{"name":"functions"},"function":{"name":"southamerica-east1-controlePedidosApi"},"extension":{},"message":"[runtime-status] [6076] Resolved module firebase-functions {\"declared\":true,\"installed\":true,\"version\":\"6.4.0\",\"resolution\":\"C:\\\\Users\\\\PLOTAGEM01\\\\desenhar\\\\functions\\\\node_modules\\\\firebase-functions\\\\lib\\\\v2\\\\index.js\"}"}}
[debug] [2025-10-10T18:22:23.865Z] [runtime-status] [6076] Checked functions.config() {"config":{}} {"metadata":{"emulator":{"name":"functions"},"function":{"name":"southamerica-east1-controlePedidosApi"},"extension":{},"message":"[runtime-status] [6076] Checked functions.config() {\"config\":{}}"}}
[debug] [2025-10-10T18:22:23.866Z] [runtime-status] [6076] firebase-functions has been stubbed. {"functionsResolution":{"declared":true,"installed":true,"version":"6.4.0","resolution":"C:\\Users\\PLOTAGEM01\\desenhar\\functions\\node_modules\\firebase-functions\\lib\\v2\\index.js"}} {"metadata":{"emulator":{"name":"functions"},"function":{"name":"southamerica-east1-controlePedidosApi"},"extension":{},"message":"[runtime-status] [6076] firebase-functions has been stubbed. {\"functionsResolution\":{\"declared\":true,\"installed\":true,\"version\":\"6.4.0\",\"resolution\":\"C:\\\\Users\\\\PLOTAGEM01\\\\desenhar\\\\functions\\\\node_modules\\\\firebase-functions\\\\lib\\\\v2\\\\index.js\"}}"}}
[debug] [2025-10-10T18:22:23.867Z] [runtime-status] [6076] Resolved module firebase-functions {"declared":true,"installed":true,"version":"6.4.0","resolution":"C:\\Users\\PLOTAGEM01\\desenhar\\functions\\node_modules\\firebase-functions\\lib\\v2\\index.js"} {"metadata":{"emulator":{"name":"functions"},"function":{"name":"southamerica-east1-controlePedidosApi"},"extension":{},"message":"[runtime-status] [6076] Resolved module firebase-functions {\"declared\":true,\"installed\":true,\"version\":\"6.4.0\",\"resolution\":\"C:\\\\Users\\\\PLOTAGEM01\\\\desenhar\\\\functions\\\\node_modules\\\\firebase-functions\\\\lib\\\\v2\\\\index.js\"}"}}
[debug] [2025-10-10T18:22:23.877Z] [runtime-status] [6076] Resolved module firebase-admin {"declared":true,"installed":true,"version":"12.7.0","resolution":"C:\\Users\\PLOTAGEM01\\desenhar\\functions\\node_modules\\firebase-admin\\lib\\index.js"} {"metadata":{"emulator":{"name":"functions"},"function":{"name":"southamerica-east1-controlePedidosApi"},"extension":{},"message":"[runtime-status] [6076] Resolved module firebase-admin {\"declared\":true,\"installed\":true,\"version\":\"12.7.0\",\"resolution\":\"C:\\\\Users\\\\PLOTAGEM01\\\\desenhar\\\\functions\\\\node_modules\\\\firebase-admin\\\\lib\\\\index.js\"}"}}
[debug] [2025-10-10T18:22:23.881Z] [runtime-status] [6076] Resolved module firebase-functions {"declared":true,"installed":true,"version":"6.4.0","resolution":"C:\\Users\\PLOTAGEM01\\desenhar\\functions\\node_modules\\firebase-functions\\lib\\v2\\index.js"} {"metadata":{"emulator":{"name":"functions"},"function":{"name":"southamerica-east1-controlePedidosApi"},"extension":{},"message":"[runtime-status] [6076] Resolved module firebase-functions {\"declared\":true,\"installed\":true,\"version\":\"6.4.0\",\"resolution\":\"C:\\\\Users\\\\PLOTAGEM01\\\\desenhar\\\\functions\\\\node_modules\\\\firebase-functions\\\\lib\\\\v2\\\\index.js\"}"}}
[debug] [2025-10-10T18:22:23.881Z] [runtime-status] [6076] firebase-admin has been stubbed. {"adminResolution":{"declared":true,"installed":true,"version":"12.7.0","resolution":"C:\\Users\\PLOTAGEM01\\desenhar\\functions\\node_modules\\firebase-admin\\lib\\index.js"}} {"metadata":{"emulator":{"name":"functions"},"function":{"name":"southamerica-east1-controlePedidosApi"},"extension":{},"message":"[runtime-status] [6076] firebase-admin has been stubbed. {\"adminResolution\":{\"declared\":true,\"installed\":true,\"version\":\"12.7.0\",\"resolution\":\"C:\\\\Users\\\\PLOTAGEM01\\\\desenhar\\\\functions\\\\node_modules\\\\firebase-admin\\\\lib\\\\index.js\"}}"}}
[debug] [2025-10-10T18:22:23.884Z] [runtime-status] [6076] initializeApp(DEFAULT) {"storageBucket":"gestaopedidos-desenhar.firebasestorage.app","projectId":"gestaopedidos-desenhar"} {"metadata":{"emulator":{"name":"functions"},"function":{"name":"southamerica-east1-controlePedidosApi"},"extension":{},"message":"[runtime-status] [6076] initializeApp(DEFAULT) {\"storageBucket\":\"gestaopedidos-desenhar.firebasestorage.app\",\"projectId\":\"gestaopedidos-desenhar\"}"}}
[debug] [2025-10-10T18:22:24.114Z] [runtime-status] [6076] Functions runtime initialized. {"cwd":"C:\\Users\\PLOTAGEM01\\desenhar\\functions","node_version":"22.14.0"} {"metadata":{"emulator":{"name":"functions"},"function":{"name":"southamerica-east1-controlePedidosApi"},"extension":{},"message":"[runtime-status] [6076] Functions runtime initialized. {\"cwd\":\"C:\\\\Users\\\\PLOTAGEM01\\\\desenhar\\\\functions\",\"node_version\":\"22.14.0\"}"}}
[debug] [2025-10-10T18:22:24.114Z] [runtime-status] [6076] Listening to port: \\?\pipe\fire_emu_2a5af62aa6031426 {"metadata":{"emulator":{"name":"functions"},"function":{"name":"southamerica-east1-controlePedidosApi"},"extension":{},"message":"[runtime-status] [6076] Listening to port: \\\\?\\pipe\\fire_emu_2a5af62aa6031426"}}
[debug] [2025-10-10T18:22:24.131Z] [worker-southamerica-east1-controlePedidosApi-c858ca91-bae1-4792-88bc-af79b7db30ee]: IDLE {"metadata":{"emulator":{"name":"functions"},"function":{"name":"southamerica-east1-controlePedidosApi"},"extension":{},"message":"[worker-southamerica-east1-controlePedidosApi-c858ca91-bae1-4792-88bc-af79b7db30ee]: IDLE"}}
[debug] [2025-10-10T18:22:24.131Z] [worker-pool] submitRequest(triggerId=southamerica-east1-controlePedidosApi) {"metadata":{"emulator":{"name":"functions"},"message":"[worker-pool] submitRequest(triggerId=southamerica-east1-controlePedidosApi)"}}
[info] i  functions: Beginning execution of "southamerica-east1-controlePedidosApi" {"metadata":{"emulator":{"name":"functions"},"function":{"name":"southamerica-east1-controlePedidosApi"},"extension":{},"message":"Beginning execution of \"southamerica-east1-controlePedidosApi\""}}
[debug] [2025-10-10T18:22:24.132Z] [worker-southamerica-east1-controlePedidosApi-c48350f6-c28f-491e-a5b6-2b81747d9a01]: BUSY {"metadata":{"emulator":{"name":"functions"},"function":{"name":"southamerica-east1-controlePedidosApi"},"extension":{},"message":"[worker-southamerica-east1-controlePedidosApi-c48350f6-c28f-491e-a5b6-2b81747d9a01]: BUSY"}}
[debug] [2025-10-10T18:22:24.133Z] Finishing up request with event=pause {"metadata":{"emulator":{"name":"functions"},"function":{"name":"southamerica-east1-controlePedidosApi"},"extension":{},"message":"Finishing up request with event=pause"}}
[info] i  functions: Finished "southamerica-east1-controlePedidosApi" in 2.0186ms {"metadata":{"emulator":{"name":"functions"},"function":{"name":"southamerica-east1-controlePedidosApi"},"extension":{},"message":"Finished \"southamerica-east1-controlePedidosApi\" in 2.0186ms"}}
[debug] [2025-10-10T18:22:24.149Z] [worker-southamerica-east1-controlePedidosApi-c48350f6-c28f-491e-a5b6-2b81747d9a01]: IDLE {"metadata":{"emulator":{"name":"functions"},"function":{"name":"southamerica-east1-controlePedidosApi"},"extension":{},"message":"[worker-southamerica-east1-controlePedidosApi-c48350f6-c28f-491e-a5b6-2b81747d9a01]: IDLE"}}
[debug] [2025-10-10T18:22:24.149Z] Finishing up request with event=finish {"metadata":{"emulator":{"name":"functions"},"function":{"name":"southamerica-east1-controlePedidosApi"},"extension":{},"message":"Finishing up request with event=finish"}}
[debug] [2025-10-10T18:22:24.149Z] Finishing up request with event=close {"metadata":{"emulator":{"name":"functions"},"function":{"name":"southamerica-east1-controlePedidosApi"},"extension":{},"message":"Finishing up request with event=close"}}
[debug] [2025-10-10T18:22:24.150Z] [work-queue] {"queuedWork":[],"queueLength":0,"runningWork":[],"workRunningCount":0}
[debug] [2025-10-10T18:22:24.187Z] [work-queue] {"queuedWork":["/gestaopedidos-desenhar/southamerica-east1/controlePedidosApi/dashboard/buscarPedidos-2025-10-10T18:22:24.187Z"],"queueLength":1,"runningWork":[],"workRunningCount":0}
[debug] [2025-10-10T18:22:24.187Z] [work-queue] {"queuedWork":[],"queueLength":0,"runningWork":["/gestaopedidos-desenhar/southamerica-east1/controlePedidosApi/dashboard/buscarPedidos-2025-10-10T18:22:24.187Z"],"workRunningCount":1}
[debug] [2025-10-10T18:22:24.187Z] Accepted request GET /gestaopedidos-desenhar/southamerica-east1/controlePedidosApi/dashboard/buscarPedidos?filtroTipo=&filtroSubTipo=&filtroStatus=&filtroResponsavelUid=&filtroAtrasados=&porPagina=10&filtroCliente=&filtroRequerArte=&filtroRequerGalpao= --> southamerica-east1-controlePedidosApi
[debug] [2025-10-10T18:22:24.188Z] [functions] Runtime ready! Sending request! {"metadata":{"emulator":{"name":"functions"},"message":"[functions] Runtime ready! Sending request!"}}
[debug] [2025-10-10T18:22:24.188Z] [functions] Got req.url=/gestaopedidos-desenhar/southamerica-east1/controlePedidosApi/dashboard/buscarPedidos?filtroTipo=&filtroSubTipo=&filtroStatus=&filtroResponsavelUid=&filtroAtrasados=&porPagina=10&filtroCliente=&filtroRequerArte=&filtroRequerGalpao=, mapping to path=/dashboard/buscarPedidos?filtroTipo=&filtroSubTipo=&filtroStatus=&filtroResponsavelUid=&filtroAtrasados=&porPagina=10&filtroCliente=&filtroRequerArte=&filtroRequerGalpao= {"metadata":{"emulator":{"name":"functions"},"message":"[functions] Got req.url=/gestaopedidos-desenhar/southamerica-east1/controlePedidosApi/dashboard/buscarPedidos?filtroTipo=&filtroSubTipo=&filtroStatus=&filtroResponsavelUid=&filtroAtrasados=&porPagina=10&filtroCliente=&filtroRequerArte=&filtroRequerGalpao=, mapping to path=/dashboard/buscarPedidos?filtroTipo=&filtroSubTipo=&filtroStatus=&filtroResponsavelUid=&filtroAtrasados=&porPagina=10&filtroCliente=&filtroRequerArte=&filtroRequerGalpao="}}
[debug] [2025-10-10T18:22:24.188Z] [worker-pool] submitRequest(triggerId=southamerica-east1-controlePedidosApi) {"metadata":{"emulator":{"name":"functions"},"message":"[worker-pool] submitRequest(triggerId=southamerica-east1-controlePedidosApi)"}}
[info] i  functions: Beginning execution of "southamerica-east1-controlePedidosApi" {"metadata":{"emulator":{"name":"functions"},"function":{"name":"southamerica-east1-controlePedidosApi"},"extension":{},"message":"Beginning execution of \"southamerica-east1-controlePedidosApi\""}}
[debug] [2025-10-10T18:22:24.189Z] [worker-southamerica-east1-controlePedidosApi-c48350f6-c28f-491e-a5b6-2b81747d9a01]: BUSY {"metadata":{"emulator":{"name":"functions"},"function":{"name":"southamerica-east1-controlePedidosApi"},"extension":{},"message":"[worker-southamerica-east1-controlePedidosApi-c48350f6-c28f-491e-a5b6-2b81747d9a01]: BUSY"}}
[info] >  Contagem total de pedidos: 559 {"user":"Contagem total de pedidos: 559","metadata":{"emulator":{"name":"functions"},"function":{"name":"southamerica-east1-controlePedidosApi"},"extension":{},"message":"\u001b[90m> \u001b[39m Contagem total de pedidos: 559"}}
[debug] [2025-10-10T18:22:24.427Z] Finishing up request with event=pause {"metadata":{"emulator":{"name":"functions"},"function":{"name":"southamerica-east1-controlePedidosApi"},"extension":{},"message":"Finishing up request with event=pause"}}
[info] i  functions: Finished "southamerica-east1-controlePedidosApi" in 238.4173ms {"metadata":{"emulator":{"name":"functions"},"function":{"name":"southamerica-east1-controlePedidosApi"},"extension":{},"message":"Finished \"southamerica-east1-controlePedidosApi\" in 238.4173ms"}}
[debug] [2025-10-10T18:22:24.428Z] [worker-southamerica-east1-controlePedidosApi-c48350f6-c28f-491e-a5b6-2b81747d9a01]: IDLE {"metadata":{"emulator":{"name":"functions"},"function":{"name":"southamerica-east1-controlePedidosApi"},"extension":{},"message":"[worker-southamerica-east1-controlePedidosApi-c48350f6-c28f-491e-a5b6-2b81747d9a01]: IDLE"}}
[debug] [2025-10-10T18:22:24.429Z] Finishing up request with event=finish {"metadata":{"emulator":{"name":"functions"},"function":{"name":"southamerica-east1-controlePedidosApi"},"extension":{},"message":"Finishing up request with event=finish"}}
[debug] [2025-10-10T18:22:24.429Z] Finishing up request with event=close {"metadata":{"emulator":{"name":"functions"},"function":{"name":"southamerica-east1-controlePedidosApi"},"extension":{},"message":"Finishing up request with event=close"}}
[debug] [2025-10-10T18:22:24.429Z] [work-queue] {"queuedWork":[],"queueLength":0,"runningWork":[],"workRunningCount":0}
[debug] [2025-10-10T18:24:19.854Z] [work-queue] {"queuedWork":["/gestaopedidos-desenhar/southamerica-east1/controlePedidosApi/dashboard/buscarPedidos-2025-10-10T18:24:19.854Z"],"queueLength":1,"runningWork":[],"workRunningCount":0}
[debug] [2025-10-10T18:24:19.854Z] [work-queue] {"queuedWork":[],"queueLength":0,"runningWork":["/gestaopedidos-desenhar/southamerica-east1/controlePedidosApi/dashboard/buscarPedidos-2025-10-10T18:24:19.854Z"],"workRunningCount":1}
[debug] [2025-10-10T18:24:19.854Z] Accepted request OPTIONS /gestaopedidos-desenhar/southamerica-east1/controlePedidosApi/dashboard/buscarPedidos?filtroTipo=&filtroSubTipo=&filtroStatus=&filtroResponsavelUid=&filtroAtrasados=&porPagina=10&filtroCliente=teste&filtroRequerArte=&filtroRequerGalpao= --> southamerica-east1-controlePedidosApi
[debug] [2025-10-10T18:24:19.858Z] [functions] Runtime ready! Sending request! {"metadata":{"emulator":{"name":"functions"},"message":"[functions] Runtime ready! Sending request!"}}
[debug] [2025-10-10T18:24:19.858Z] [functions] Got req.url=/gestaopedidos-desenhar/southamerica-east1/controlePedidosApi/dashboard/buscarPedidos?filtroTipo=&filtroSubTipo=&filtroStatus=&filtroResponsavelUid=&filtroAtrasados=&porPagina=10&filtroCliente=teste&filtroRequerArte=&filtroRequerGalpao=, mapping to path=/dashboard/buscarPedidos?filtroTipo=&filtroSubTipo=&filtroStatus=&filtroResponsavelUid=&filtroAtrasados=&porPagina=10&filtroCliente=teste&filtroRequerArte=&filtroRequerGalpao= {"metadata":{"emulator":{"name":"functions"},"message":"[functions] Got req.url=/gestaopedidos-desenhar/southamerica-east1/controlePedidosApi/dashboard/buscarPedidos?filtroTipo=&filtroSubTipo=&filtroStatus=&filtroResponsavelUid=&filtroAtrasados=&porPagina=10&filtroCliente=teste&filtroRequerArte=&filtroRequerGalpao=, mapping to path=/dashboard/buscarPedidos?filtroTipo=&filtroSubTipo=&filtroStatus=&filtroResponsavelUid=&filtroAtrasados=&porPagina=10&filtroCliente=teste&filtroRequerArte=&filtroRequerGalpao="}}
[debug] [2025-10-10T18:24:19.858Z] [worker-pool] submitRequest(triggerId=southamerica-east1-controlePedidosApi) {"metadata":{"emulator":{"name":"functions"},"message":"[worker-pool] submitRequest(triggerId=southamerica-east1-controlePedidosApi)"}}
[info] i  functions: Beginning execution of "southamerica-east1-controlePedidosApi" {"metadata":{"emulator":{"name":"functions"},"function":{"name":"southamerica-east1-controlePedidosApi"},"extension":{},"message":"Beginning execution of \"southamerica-east1-controlePedidosApi\""}}
[debug] [2025-10-10T18:24:19.864Z] [worker-southamerica-east1-controlePedidosApi-c48350f6-c28f-491e-a5b6-2b81747d9a01]: BUSY {"metadata":{"emulator":{"name":"functions"},"function":{"name":"southamerica-east1-controlePedidosApi"},"extension":{},"message":"[worker-southamerica-east1-controlePedidosApi-c48350f6-c28f-491e-a5b6-2b81747d9a01]: BUSY"}}
[debug] [2025-10-10T18:24:19.868Z] Finishing up request with event=pause {"metadata":{"emulator":{"name":"functions"},"function":{"name":"southamerica-east1-controlePedidosApi"},"extension":{},"message":"Finishing up request with event=pause"}}
[info] i  functions: Finished "southamerica-east1-controlePedidosApi" in 4.043ms {"metadata":{"emulator":{"name":"functions"},"function":{"name":"southamerica-east1-controlePedidosApi"},"extension":{},"message":"Finished \"southamerica-east1-controlePedidosApi\" in 4.043ms"}}
[debug] [2025-10-10T18:24:19.882Z] [worker-southamerica-east1-controlePedidosApi-c48350f6-c28f-491e-a5b6-2b81747d9a01]: IDLE {"metadata":{"emulator":{"name":"functions"},"function":{"name":"southamerica-east1-controlePedidosApi"},"extension":{},"message":"[worker-southamerica-east1-controlePedidosApi-c48350f6-c28f-491e-a5b6-2b81747d9a01]: IDLE"}}
[debug] [2025-10-10T18:24:19.883Z] Finishing up request with event=finish {"metadata":{"emulator":{"name":"functions"},"function":{"name":"southamerica-east1-controlePedidosApi"},"extension":{},"message":"Finishing up request with event=finish"}}
[debug] [2025-10-10T18:24:19.883Z] Finishing up request with event=close {"metadata":{"emulator":{"name":"functions"},"function":{"name":"southamerica-east1-controlePedidosApi"},"extension":{},"message":"Finishing up request with event=close"}}
[debug] [2025-10-10T18:24:19.883Z] [work-queue] {"queuedWork":[],"queueLength":0,"runningWork":[],"workRunningCount":0}
[debug] [2025-10-10T18:24:19.894Z] [work-queue] {"queuedWork":["/gestaopedidos-desenhar/southamerica-east1/controlePedidosApi/dashboard/buscarPedidos-2025-10-10T18:24:19.894Z"],"queueLength":1,"runningWork":[],"workRunningCount":0}
[debug] [2025-10-10T18:24:19.894Z] [work-queue] {"queuedWork":[],"queueLength":0,"runningWork":["/gestaopedidos-desenhar/southamerica-east1/controlePedidosApi/dashboard/buscarPedidos-2025-10-10T18:24:19.894Z"],"workRunningCount":1}
[debug] [2025-10-10T18:24:19.894Z] Accepted request GET /gestaopedidos-desenhar/southamerica-east1/controlePedidosApi/dashboard/buscarPedidos?filtroTipo=&filtroSubTipo=&filtroStatus=&filtroResponsavelUid=&filtroAtrasados=&porPagina=10&filtroCliente=teste&filtroRequerArte=&filtroRequerGalpao= --> southamerica-east1-controlePedidosApi
[debug] [2025-10-10T18:24:19.896Z] [functions] Runtime ready! Sending request! {"metadata":{"emulator":{"name":"functions"},"message":"[functions] Runtime ready! Sending request!"}}
[debug] [2025-10-10T18:24:19.897Z] [functions] Got req.url=/gestaopedidos-desenhar/southamerica-east1/controlePedidosApi/dashboard/buscarPedidos?filtroTipo=&filtroSubTipo=&filtroStatus=&filtroResponsavelUid=&filtroAtrasados=&porPagina=10&filtroCliente=teste&filtroRequerArte=&filtroRequerGalpao=, mapping to path=/dashboard/buscarPedidos?filtroTipo=&filtroSubTipo=&filtroStatus=&filtroResponsavelUid=&filtroAtrasados=&porPagina=10&filtroCliente=teste&filtroRequerArte=&filtroRequerGalpao= {"metadata":{"emulator":{"name":"functions"},"message":"[functions] Got req.url=/gestaopedidos-desenhar/southamerica-east1/controlePedidosApi/dashboard/buscarPedidos?filtroTipo=&filtroSubTipo=&filtroStatus=&filtroResponsavelUid=&filtroAtrasados=&porPagina=10&filtroCliente=teste&filtroRequerArte=&filtroRequerGalpao=, mapping to path=/dashboard/buscarPedidos?filtroTipo=&filtroSubTipo=&filtroStatus=&filtroResponsavelUid=&filtroAtrasados=&porPagina=10&filtroCliente=teste&filtroRequerArte=&filtroRequerGalpao="}}
[debug] [2025-10-10T18:24:19.897Z] [worker-pool] submitRequest(triggerId=southamerica-east1-controlePedidosApi) {"metadata":{"emulator":{"name":"functions"},"message":"[worker-pool] submitRequest(triggerId=southamerica-east1-controlePedidosApi)"}}
[info] i  functions: Beginning execution of "southamerica-east1-controlePedidosApi" {"metadata":{"emulator":{"name":"functions"},"function":{"name":"southamerica-east1-controlePedidosApi"},"extension":{},"message":"Beginning execution of \"southamerica-east1-controlePedidosApi\""}}
[debug] [2025-10-10T18:24:19.908Z] [worker-southamerica-east1-controlePedidosApi-c48350f6-c28f-491e-a5b6-2b81747d9a01]: BUSY {"metadata":{"emulator":{"name":"functions"},"function":{"name":"southamerica-east1-controlePedidosApi"},"extension":{},"message":"[worker-southamerica-east1-controlePedidosApi-c48350f6-c28f-491e-a5b6-2b81747d9a01]: BUSY"}}
[info] >  Erro na contagem: Error: 9 FAILED_PRECONDITION: The query requires an index. You can create it here: https://console.firebase.google.com/v1/r/project/gestaopedidos-desenhar/firestore/indexes?create_composite=ClZwcm9qZWN0cy9nZXN0YW9wZWRpZG9zLWRlc2VuaGFyL2RhdGFiYXNlcy8oZGVmYXVsdCkvY29sbGVjdGlvbkdyb3Vwcy9wZWRpZG9zL2luZGV4ZXMvXxABGg8KC25vbWVDbGllbnRlEAEaDwoLc3RhdHVzQXR1YWwQARoMCghfX25hbWVfXxAB {"user":"Erro na contagem: Error: 9 FAILED_PRECONDITION: The query requires an index. You can create it here: https://console.firebase.google.com/v1/r/project/gestaopedidos-desenhar/firestore/indexes?create_composite=ClZwcm9qZWN0cy9nZXN0YW9wZWRpZG9zLWRlc2VuaGFyL2RhdGFiYXNlcy8oZGVmYXVsdCkvY29sbGVjdGlvbkdyb3Vwcy9wZWRpZG9zL2luZGV4ZXMvXxABGg8KC25vbWVDbGllbnRlEAEaDwoLc3RhdHVzQXR1YWwQARoMCghfX25hbWVfXxAB","metadata":{"emulator":{"name":"functions"},"function":{"name":"southamerica-east1-controlePedidosApi"},"extension":{},"message":"\u001b[90m> \u001b[39m Erro na contagem: Error: 9 FAILED_PRECONDITION: The query requires an index. You can create it here: https://console.firebase.google.com/v1/r/project/gestaopedidos-desenhar/firestore/indexes?create_composite=ClZwcm9qZWN0cy9nZXN0YW9wZWRpZG9zLWRlc2VuaGFyL2RhdGFiYXNlcy8oZGVmYXVsdCkvY29sbGVjdGlvbkdyb3Vwcy9wZWRpZG9zL2luZGV4ZXMvXxABGg8KC25vbWVDbGllbnRlEAEaDwoLc3RhdHVzQXR1YWwQARoMCghfX25hbWVfXxAB"}}
[info] >      at callErrorFromStatus (C:\Users\PLOTAGEM01\desenhar\functions\node_modules\@grpc\grpc-js\build\src\call.js:32:19) {"user":"    at callErrorFromStatus (C:\\Users\\PLOTAGEM01\\desenhar\\functions\\node_modules\\@grpc\\grpc-js\\build\\src\\call.js:32:19)","metadata":{"emulator":{"name":"functions"},"function":{"name":"southamerica-east1-controlePedidosApi"},"extension":{},"message":"\u001b[90m> \u001b[39m     at callErrorFromStatus (C:\\Users\\PLOTAGEM01\\desenhar\\functions\\node_modules\\@grpc\\grpc-js\\build\\src\\call.js:32:19)"}}
[info] >      at Object.onReceiveStatus (C:\Users\PLOTAGEM01\desenhar\functions\node_modules\@grpc\grpc-js\build\src\client.js:359:73) {"user":"    at Object.onReceiveStatus (C:\\Users\\PLOTAGEM01\\desenhar\\functions\\node_modules\\@grpc\\grpc-js\\build\\src\\client.js:359:73)","metadata":{"emulator":{"name":"functions"},"function":{"name":"southamerica-east1-controlePedidosApi"},"extension":{},"message":"\u001b[90m> \u001b[39m     at Object.onReceiveStatus (C:\\Users\\PLOTAGEM01\\desenhar\\functions\\node_modules\\@grpc\\grpc-js\\build\\src\\client.js:359:73)"}}
[info] >      at Object.onReceiveStatus (C:\Users\PLOTAGEM01\desenhar\functions\node_modules\@grpc\grpc-js\build\src\client-interceptors.js:324:181) {"user":"    at Object.onReceiveStatus (C:\\Users\\PLOTAGEM01\\desenhar\\functions\\node_modules\\@grpc\\grpc-js\\build\\src\\client-interceptors.js:324:181)","metadata":{"emulator":{"name":"functions"},"function":{"name":"southamerica-east1-controlePedidosApi"},"extension":{},"message":"\u001b[90m> \u001b[39m     at Object.onReceiveStatus (C:\\Users\\PLOTAGEM01\\desenhar\\functions\\node_modules\\@grpc\\grpc-js\\build\\src\\client-interceptors.js:324:181)"}}
[info] >      at C:\Users\PLOTAGEM01\desenhar\functions\node_modules\@grpc\grpc-js\build\src\resolving-call.js:135:78 {"user":"    at C:\\Users\\PLOTAGEM01\\desenhar\\functions\\node_modules\\@grpc\\grpc-js\\build\\src\\resolving-call.js:135:78","metadata":{"emulator":{"name":"functions"},"function":{"name":"southamerica-east1-controlePedidosApi"},"extension":{},"message":"\u001b[90m> \u001b[39m     at C:\\Users\\PLOTAGEM01\\desenhar\\functions\\node_modules\\@grpc\\grpc-js\\build\\src\\resolving-call.js:135:78"}}
[info] >      at process.processTicksAndRejections (node:internal/process/task_queues:85:11) {"user":"    at process.processTicksAndRejections (node:internal/process/task_queues:85:11)","metadata":{"emulator":{"name":"functions"},"function":{"name":"southamerica-east1-controlePedidosApi"},"extension":{},"message":"\u001b[90m> \u001b[39m     at process.processTicksAndRejections (node:internal/process/task_queues:85:11)"}}
[info] >  for call at {"user":"for call at","metadata":{"emulator":{"name":"functions"},"function":{"name":"southamerica-east1-controlePedidosApi"},"extension":{},"message":"\u001b[90m> \u001b[39m for call at"}}
[info] >      at ServiceClientImpl.makeServerStreamRequest (C:\Users\PLOTAGEM01\desenhar\functions\node_modules\@grpc\grpc-js\build\src\client.js:342:32) {"user":"    at ServiceClientImpl.makeServerStreamRequest (C:\\Users\\PLOTAGEM01\\desenhar\\functions\\node_modules\\@grpc\\grpc-js\\build\\src\\client.js:342:32)","metadata":{"emulator":{"name":"functions"},"function":{"name":"southamerica-east1-controlePedidosApi"},"extension":{},"message":"\u001b[90m> \u001b[39m     at ServiceClientImpl.makeServerStreamRequest (C:\\Users\\PLOTAGEM01\\desenhar\\functions\\node_modules\\@grpc\\grpc-js\\build\\src\\client.js:342:32)"}}
[info] >      at ServiceClientImpl.<anonymous> (C:\Users\PLOTAGEM01\desenhar\functions\node_modules\@grpc\grpc-js\build\src\make-client.js:105:19) {"user":"    at ServiceClientImpl.<anonymous> (C:\\Users\\PLOTAGEM01\\desenhar\\functions\\node_modules\\@grpc\\grpc-js\\build\\src\\make-client.js:105:19)","metadata":{"emulator":{"name":"functions"},"function":{"name":"southamerica-east1-controlePedidosApi"},"extension":{},"message":"\u001b[90m> \u001b[39m     at ServiceClientImpl.<anonymous> (C:\\Users\\PLOTAGEM01\\desenhar\\functions\\node_modules\\@grpc\\grpc-js\\build\\src\\make-client.js:105:19)"}}
[info] >      at C:\Users\PLOTAGEM01\desenhar\functions\node_modules\@google-cloud\firestore\build\src\v1\firestore_client.js:242:33 {"user":"    at C:\\Users\\PLOTAGEM01\\desenhar\\functions\\node_modules\\@google-cloud\\firestore\\build\\src\\v1\\firestore_client.js:242:33","metadata":{"emulator":{"name":"functions"},"function":{"name":"southamerica-east1-controlePedidosApi"},"extension":{},"message":"\u001b[90m> \u001b[39m     at C:\\Users\\PLOTAGEM01\\desenhar\\functions\\node_modules\\@google-cloud\\firestore\\build\\src\\v1\\firestore_client.js:242:33"}}
[info] >      at C:\Users\PLOTAGEM01\desenhar\functions\node_modules\google-gax\build\src\streamingCalls\streamingApiCaller.js:38:28 {"user":"    at C:\\Users\\PLOTAGEM01\\desenhar\\functions\\node_modules\\google-gax\\build\\src\\streamingCalls\\streamingApiCaller.js:38:28","metadata":{"emulator":{"name":"functions"},"function":{"name":"southamerica-east1-controlePedidosApi"},"extension":{},"message":"\u001b[90m> \u001b[39m     at C:\\Users\\PLOTAGEM01\\desenhar\\functions\\node_modules\\google-gax\\build\\src\\streamingCalls\\streamingApiCaller.js:38:28"}}
[info] >      at C:\Users\PLOTAGEM01\desenhar\functions\node_modules\google-gax\build\src\normalCalls\timeout.js:44:16 {"user":"    at C:\\Users\\PLOTAGEM01\\desenhar\\functions\\node_modules\\google-gax\\build\\src\\normalCalls\\timeout.js:44:16","metadata":{"emulator":{"name":"functions"},"function":{"name":"southamerica-east1-controlePedidosApi"},"extension":{},"message":"\u001b[90m> \u001b[39m     at C:\\Users\\PLOTAGEM01\\desenhar\\functions\\node_modules\\google-gax\\build\\src\\normalCalls\\timeout.js:44:16"}}
[info] >      at Object.request (C:\Users\PLOTAGEM01\desenhar\functions\node_modules\google-gax\build\src\streamingCalls\streaming.js:234:40) {"user":"    at Object.request (C:\\Users\\PLOTAGEM01\\desenhar\\functions\\node_modules\\google-gax\\build\\src\\streamingCalls\\streaming.js:234:40)","metadata":{"emulator":{"name":"functions"},"function":{"name":"southamerica-east1-controlePedidosApi"},"extension":{},"message":"\u001b[90m> \u001b[39m     at Object.request (C:\\Users\\PLOTAGEM01\\desenhar\\functions\\node_modules\\google-gax\\build\\src\\streamingCalls\\streaming.js:234:40)"}}
[info] >      at makeRequest (C:\Users\PLOTAGEM01\desenhar\functions\node_modules\retry-request\index.js:159:28) {"user":"    at makeRequest (C:\\Users\\PLOTAGEM01\\desenhar\\functions\\node_modules\\retry-request\\index.js:159:28)","metadata":{"emulator":{"name":"functions"},"function":{"name":"southamerica-east1-controlePedidosApi"},"extension":{},"message":"\u001b[90m> \u001b[39m     at makeRequest (C:\\Users\\PLOTAGEM01\\desenhar\\functions\\node_modules\\retry-request\\index.js:159:28)"}}
[info] >      at retryRequest (C:\Users\PLOTAGEM01\desenhar\functions\node_modules\retry-request\index.js:119:5) {"user":"    at retryRequest (C:\\Users\\PLOTAGEM01\\desenhar\\functions\\node_modules\\retry-request\\index.js:119:5)","metadata":{"emulator":{"name":"functions"},"function":{"name":"southamerica-east1-controlePedidosApi"},"extension":{},"message":"\u001b[90m> \u001b[39m     at retryRequest (C:\\Users\\PLOTAGEM01\\desenhar\\functions\\node_modules\\retry-request\\index.js:119:5)"}}
[info] >      at StreamProxy.setStream (C:\Users\PLOTAGEM01\desenhar\functions\node_modules\google-gax\build\src\streamingCalls\streaming.js:225:37) {"user":"    at StreamProxy.setStream (C:\\Users\\PLOTAGEM01\\desenhar\\functions\\node_modules\\google-gax\\build\\src\\streamingCalls\\streaming.js:225:37)","metadata":{"emulator":{"name":"functions"},"function":{"name":"southamerica-east1-controlePedidosApi"},"extension":{},"message":"\u001b[90m> \u001b[39m     at StreamProxy.setStream (C:\\Users\\PLOTAGEM01\\desenhar\\functions\\node_modules\\google-gax\\build\\src\\streamingCalls\\streaming.js:225:37)"}}
[info] >      at StreamingApiCaller.call (C:\Users\PLOTAGEM01\desenhar\functions\node_modules\google-gax\build\src\streamingCalls\streamingApiCaller.js:54:16) {"user":"    at StreamingApiCaller.call (C:\\Users\\PLOTAGEM01\\desenhar\\functions\\node_modules\\google-gax\\build\\src\\streamingCalls\\streamingApiCaller.js:54:16)","metadata":{"emulator":{"name":"functions"},"function":{"name":"southamerica-east1-controlePedidosApi"},"extension":{},"message":"\u001b[90m> \u001b[39m     at StreamingApiCaller.call (C:\\Users\\PLOTAGEM01\\desenhar\\functions\\node_modules\\google-gax\\build\\src\\streamingCalls\\streamingApiCaller.js:54:16)"}}
[info] >  Caused by: Error {"user":"Caused by: Error","metadata":{"emulator":{"name":"functions"},"function":{"name":"southamerica-east1-controlePedidosApi"},"extension":{},"message":"\u001b[90m> \u001b[39m Caused by: Error"}}
[info] >      at AggregateQuery._getResponse (C:\Users\PLOTAGEM01\desenhar\functions\node_modules\@google-cloud\firestore\build\src\reference\aggregate-query.js:100:23) {"user":"    at AggregateQuery._getResponse (C:\\Users\\PLOTAGEM01\\desenhar\\functions\\node_modules\\@google-cloud\\firestore\\build\\src\\reference\\aggregate-query.js:100:23)","metadata":{"emulator":{"name":"functions"},"function":{"name":"southamerica-east1-controlePedidosApi"},"extension":{},"message":"\u001b[90m> \u001b[39m     at AggregateQuery._getResponse (C:\\Users\\PLOTAGEM01\\desenhar\\functions\\node_modules\\@google-cloud\\firestore\\build\\src\\reference\\aggregate-query.js:100:23)"}}
[info] >      at AggregateQuery._get (C:\Users\PLOTAGEM01\desenhar\functions\node_modules\@google-cloud\firestore\build\src\reference\aggregate-query.js:83:37) {"user":"    at AggregateQuery._get (C:\\Users\\PLOTAGEM01\\desenhar\\functions\\node_modules\\@google-cloud\\firestore\\build\\src\\reference\\aggregate-query.js:83:37)","metadata":{"emulator":{"name":"functions"},"function":{"name":"southamerica-east1-controlePedidosApi"},"extension":{},"message":"\u001b[90m> \u001b[39m     at AggregateQuery._get (C:\\Users\\PLOTAGEM01\\desenhar\\functions\\node_modules\\@google-cloud\\firestore\\build\\src\\reference\\aggregate-query.js:83:37)"}}
[info] >      at C:\Users\PLOTAGEM01\desenhar\functions\node_modules\@google-cloud\firestore\build\src\reference\aggregate-query.js:69:43 {"user":"    at C:\\Users\\PLOTAGEM01\\desenhar\\functions\\node_modules\\@google-cloud\\firestore\\build\\src\\reference\\aggregate-query.js:69:43","metadata":{"emulator":{"name":"functions"},"function":{"name":"southamerica-east1-controlePedidosApi"},"extension":{},"message":"\u001b[90m> \u001b[39m     at C:\\Users\\PLOTAGEM01\\desenhar\\functions\\node_modules\\@google-cloud\\firestore\\build\\src\\reference\\aggregate-query.js:69:43"}}
[info] >      at C:\Users\PLOTAGEM01\desenhar\functions\node_modules\@google-cloud\firestore\build\src\telemetry\enabled-trace-util.js:110:30 {"user":"    at C:\\Users\\PLOTAGEM01\\desenhar\\functions\\node_modules\\@google-cloud\\firestore\\build\\src\\telemetry\\enabled-trace-util.js:110:30","metadata":{"emulator":{"name":"functions"},"function":{"name":"southamerica-east1-controlePedidosApi"},"extension":{},"message":"\u001b[90m> \u001b[39m     at C:\\Users\\PLOTAGEM01\\desenhar\\functions\\node_modules\\@google-cloud\\firestore\\build\\src\\telemetry\\enabled-trace-util.js:110:30"}}
[info] >      at NoopContextManager.with (C:\Users\PLOTAGEM01\desenhar\functions\node_modules\@opentelemetry\api\build\src\context\NoopContextManager.js:25:19) {"user":"    at NoopContextManager.with (C:\\Users\\PLOTAGEM01\\desenhar\\functions\\node_modules\\@opentelemetry\\api\\build\\src\\context\\NoopContextManager.js:25:19)","metadata":{"emulator":{"name":"functions"},"function":{"name":"southamerica-east1-controlePedidosApi"},"extension":{},"message":"\u001b[90m> \u001b[39m     at NoopContextManager.with (C:\\Users\\PLOTAGEM01\\desenhar\\functions\\node_modules\\@opentelemetry\\api\\build\\src\\context\\NoopContextManager.js:25:19)"}}
[info] >      at ContextAPI.with (C:\Users\PLOTAGEM01\desenhar\functions\node_modules\@opentelemetry\api\build\src\api\context.js:60:46) {"user":"    at ContextAPI.with (C:\\Users\\PLOTAGEM01\\desenhar\\functions\\node_modules\\@opentelemetry\\api\\build\\src\\api\\context.js:60:46)","metadata":{"emulator":{"name":"functions"},"function":{"name":"southamerica-east1-controlePedidosApi"},"extension":{},"message":"\u001b[90m> \u001b[39m     at ContextAPI.with (C:\\Users\\PLOTAGEM01\\desenhar\\functions\\node_modules\\@opentelemetry\\api\\build\\src\\api\\context.js:60:46)"}}
[info] >      at NoopTracer.startActiveSpan (C:\Users\PLOTAGEM01\desenhar\functions\node_modules\@opentelemetry\api\build\src\trace\NoopTracer.js:65:31) {"user":"    at NoopTracer.startActiveSpan (C:\\Users\\PLOTAGEM01\\desenhar\\functions\\node_modules\\@opentelemetry\\api\\build\\src\\trace\\NoopTracer.js:65:31)","metadata":{"emulator":{"name":"functions"},"function":{"name":"southamerica-east1-controlePedidosApi"},"extension":{},"message":"\u001b[90m> \u001b[39m     at NoopTracer.startActiveSpan (C:\\Users\\PLOTAGEM01\\desenhar\\functions\\node_modules\\@opentelemetry\\api\\build\\src\\trace\\NoopTracer.js:65:31)"}}
[info] >      at ProxyTracer.startActiveSpan (C:\Users\PLOTAGEM01\desenhar\functions\node_modules\@opentelemetry\api\build\src\trace\ProxyTracer.js:36:24) {"user":"    at ProxyTracer.startActiveSpan (C:\\Users\\PLOTAGEM01\\desenhar\\functions\\node_modules\\@opentelemetry\\api\\build\\src\\trace\\ProxyTracer.js:36:24)","metadata":{"emulator":{"name":"functions"},"function":{"name":"southamerica-east1-controlePedidosApi"},"extension":{},"message":"\u001b[90m> \u001b[39m     at ProxyTracer.startActiveSpan (C:\\Users\\PLOTAGEM01\\desenhar\\functions\\node_modules\\@opentelemetry\\api\\build\\src\\trace\\ProxyTracer.js:36:24)"}}
[info] >      at EnabledTraceUtil.startActiveSpan (C:\Users\PLOTAGEM01\desenhar\functions\node_modules\@google-cloud\firestore\build\src\telemetry\enabled-trace-util.js:102:28) {"user":"    at EnabledTraceUtil.startActiveSpan (C:\\Users\\PLOTAGEM01\\desenhar\\functions\\node_modules\\@google-cloud\\firestore\\build\\src\\telemetry\\enabled-trace-util.js:102:28)","metadata":{"emulator":{"name":"functions"},"function":{"name":"southamerica-east1-controlePedidosApi"},"extension":{},"message":"\u001b[90m> \u001b[39m     at EnabledTraceUtil.startActiveSpan (C:\\Users\\PLOTAGEM01\\desenhar\\functions\\node_modules\\@google-cloud\\firestore\\build\\src\\telemetry\\enabled-trace-util.js:102:28)"}}
[info] >      at AggregateQuery.get (C:\Users\PLOTAGEM01\desenhar\functions\node_modules\@google-cloud\firestore\build\src\reference\aggregate-query.js:68:50) { {"user":"    at AggregateQuery.get (C:\\Users\\PLOTAGEM01\\desenhar\\functions\\node_modules\\@google-cloud\\firestore\\build\\src\\reference\\aggregate-query.js:68:50) {","metadata":{"emulator":{"name":"functions"},"function":{"name":"southamerica-east1-controlePedidosApi"},"extension":{},"message":"\u001b[90m> \u001b[39m     at AggregateQuery.get (C:\\Users\\PLOTAGEM01\\desenhar\\functions\\node_modules\\@google-cloud\\firestore\\build\\src\\reference\\aggregate-query.js:68:50) {"}}
[info] >    code: 9, {"user":"  code: 9,","metadata":{"emulator":{"name":"functions"},"function":{"name":"southamerica-east1-controlePedidosApi"},"extension":{},"message":"\u001b[90m> \u001b[39m   code: 9,"}}
[info] >    details: 'The query requires an index. You can create it here: https://console.firebase.google.com/v1/r/project/gestaopedidos-desenhar/firestore/indexes?create_composite=ClZwcm9qZWN0cy9nZXN0YW9wZWRpZG9zLWRlc2VuaGFyL2RhdGFiYXNlcy8oZGVmYXVsdCkvY29sbGVjdGlvbkdyb3Vwcy9wZWRpZG9zL2luZGV4ZXMvXxABGg8KC25vbWVDbGllbnRlEAEaDwoLc3RhdHVzQXR1YWwQARoMCghfX25hbWVfXxAB', {"user":"  details: 'The query requires an index. You can create it here: https://console.firebase.google.com/v1/r/project/gestaopedidos-desenhar/firestore/indexes?create_composite=ClZwcm9qZWN0cy9nZXN0YW9wZWRpZG9zLWRlc2VuaGFyL2RhdGFiYXNlcy8oZGVmYXVsdCkvY29sbGVjdGlvbkdyb3Vwcy9wZWRpZG9zL2luZGV4ZXMvXxABGg8KC25vbWVDbGllbnRlEAEaDwoLc3RhdHVzQXR1YWwQARoMCghfX25hbWVfXxAB',","metadata":{"emulator":{"name":"functions"},"function":{"name":"southamerica-east1-controlePedidosApi"},"extension":{},"message":"\u001b[90m> \u001b[39m   details: 'The query requires an index. You can create it here: https://console.firebase.google.com/v1/r/project/gestaopedidos-desenhar/firestore/indexes?create_composite=ClZwcm9qZWN0cy9nZXN0YW9wZWRpZG9zLWRlc2VuaGFyL2RhdGFiYXNlcy8oZGVmYXVsdCkvY29sbGVjdGlvbkdyb3Vwcy9wZWRpZG9zL2luZGV4ZXMvXxABGg8KC25vbWVDbGllbnRlEAEaDwoLc3RhdHVzQXR1YWwQARoMCghfX25hbWVfXxAB',"}}
[info] >    metadata: Metadata { {"user":"  metadata: Metadata {","metadata":{"emulator":{"name":"functions"},"function":{"name":"southamerica-east1-controlePedidosApi"},"extension":{},"message":"\u001b[90m> \u001b[39m   metadata: Metadata {"}}
[info] >      internalRepr: Map(1) { 'x-debug-tracking-id' => [Array] }, {"user":"    internalRepr: Map(1) { 'x-debug-tracking-id' => [Array] },","metadata":{"emulator":{"name":"functions"},"function":{"name":"southamerica-east1-controlePedidosApi"},"extension":{},"message":"\u001b[90m> \u001b[39m     internalRepr: Map(1) { 'x-debug-tracking-id' => [Array] },"}}
[info] >      options: {} {"user":"    options: {}","metadata":{"emulator":{"name":"functions"},"function":{"name":"southamerica-east1-controlePedidosApi"},"extension":{},"message":"\u001b[90m> \u001b[39m     options: {}"}}
[info] >    } {"user":"  }","metadata":{"emulator":{"name":"functions"},"function":{"name":"southamerica-east1-controlePedidosApi"},"extension":{},"message":"\u001b[90m> \u001b[39m   }"}}
[info] >  } {"user":"}","metadata":{"emulator":{"name":"functions"},"function":{"name":"southamerica-east1-controlePedidosApi"},"extension":{},"message":"\u001b[90m> \u001b[39m }"}}
[debug] [2025-10-10T18:24:20.181Z] Finishing up request with event=pause {"metadata":{"emulator":{"name":"functions"},"function":{"name":"southamerica-east1-controlePedidosApi"},"extension":{},"message":"Finishing up request with event=pause"}}
[info] i  functions: Finished "southamerica-east1-controlePedidosApi" in 272.8368ms {"metadata":{"emulator":{"name":"functions"},"function":{"name":"southamerica-east1-controlePedidosApi"},"extension":{},"message":"Finished \"southamerica-east1-controlePedidosApi\" in 272.8368ms"}}
[debug] [2025-10-10T18:24:20.182Z] [worker-southamerica-east1-controlePedidosApi-c48350f6-c28f-491e-a5b6-2b81747d9a01]: IDLE {"metadata":{"emulator":{"name":"functions"},"function":{"name":"southamerica-east1-controlePedidosApi"},"extension":{},"message":"[worker-southamerica-east1-controlePedidosApi-c48350f6-c28f-491e-a5b6-2b81747d9a01]: IDLE"}}
[debug] [2025-10-10T18:24:20.182Z] Finishing up request with event=finish {"metadata":{"emulator":{"name":"functions"},"function":{"name":"southamerica-east1-controlePedidosApi"},"extension":{},"message":"Finishing up request with event=finish"}}
[debug] [2025-10-10T18:24:20.182Z] Finishing up request with event=close {"metadata":{"emulator":{"name":"functions"},"function":{"name":"southamerica-east1-controlePedidosApi"},"extension":{},"message":"Finishing up request with event=close"}}
[debug] [2025-10-10T18:24:20.182Z] [work-queue] {"queuedWork":[],"queueLength":0,"runningWork":[],"workRunningCount":0}
[debug] [2025-10-10T18:24:22.133Z] [work-queue] {"queuedWork":["/gestaopedidos-desenhar/southamerica-east1/controlePedidosApi/dashboard/buscarPedidos-2025-10-10T18:24:22.133Z"],"queueLength":1,"runningWork":[],"workRunningCount":0}
[debug] [2025-10-10T18:24:22.133Z] [work-queue] {"queuedWork":[],"queueLength":0,"runningWork":["/gestaopedidos-desenhar/southamerica-east1/controlePedidosApi/dashboard/buscarPedidos-2025-10-10T18:24:22.133Z"],"workRunningCount":1}
[debug] [2025-10-10T18:24:22.133Z] Accepted request OPTIONS /gestaopedidos-desenhar/southamerica-east1/controlePedidosApi/dashboard/buscarPedidos?filtroTipo=&filtroSubTipo=&filtroStatus=&filtroResponsavelUid=&filtroAtrasados=&porPagina=10&filtroCliente=teste5&filtroRequerArte=&filtroRequerGalpao= --> southamerica-east1-controlePedidosApi
[debug] [2025-10-10T18:24:22.134Z] [functions] Runtime ready! Sending request! {"metadata":{"emulator":{"name":"functions"},"message":"[functions] Runtime ready! Sending request!"}}
[debug] [2025-10-10T18:24:22.134Z] [functions] Got req.url=/gestaopedidos-desenhar/southamerica-east1/controlePedidosApi/dashboard/buscarPedidos?filtroTipo=&filtroSubTipo=&filtroStatus=&filtroResponsavelUid=&filtroAtrasados=&porPagina=10&filtroCliente=teste5&filtroRequerArte=&filtroRequerGalpao=, mapping to path=/dashboard/buscarPedidos?filtroTipo=&filtroSubTipo=&filtroStatus=&filtroResponsavelUid=&filtroAtrasados=&porPagina=10&filtroCliente=teste5&filtroRequerArte=&filtroRequerGalpao= {"metadata":{"emulator":{"name":"functions"},"message":"[functions] Got req.url=/gestaopedidos-desenhar/southamerica-east1/controlePedidosApi/dashboard/buscarPedidos?filtroTipo=&filtroSubTipo=&filtroStatus=&filtroResponsavelUid=&filtroAtrasados=&porPagina=10&filtroCliente=teste5&filtroRequerArte=&filtroRequerGalpao=, mapping to path=/dashboard/buscarPedidos?filtroTipo=&filtroSubTipo=&filtroStatus=&filtroResponsavelUid=&filtroAtrasados=&porPagina=10&filtroCliente=teste5&filtroRequerArte=&filtroRequerGalpao="}}
[debug] [2025-10-10T18:24:22.134Z] [worker-pool] submitRequest(triggerId=southamerica-east1-controlePedidosApi) {"metadata":{"emulator":{"name":"functions"},"message":"[worker-pool] submitRequest(triggerId=southamerica-east1-controlePedidosApi)"}}
[info] i  functions: Beginning execution of "southamerica-east1-controlePedidosApi" {"metadata":{"emulator":{"name":"functions"},"function":{"name":"southamerica-east1-controlePedidosApi"},"extension":{},"message":"Beginning execution of \"southamerica-east1-controlePedidosApi\""}}
[debug] [2025-10-10T18:24:22.136Z] [worker-southamerica-east1-controlePedidosApi-c48350f6-c28f-491e-a5b6-2b81747d9a01]: BUSY {"metadata":{"emulator":{"name":"functions"},"function":{"name":"southamerica-east1-controlePedidosApi"},"extension":{},"message":"[worker-southamerica-east1-controlePedidosApi-c48350f6-c28f-491e-a5b6-2b81747d9a01]: BUSY"}}
[debug] [2025-10-10T18:24:22.138Z] Finishing up request with event=pause {"metadata":{"emulator":{"name":"functions"},"function":{"name":"southamerica-east1-controlePedidosApi"},"extension":{},"message":"Finishing up request with event=pause"}}
[info] i  functions: Finished "southamerica-east1-controlePedidosApi" in 3.0303ms {"metadata":{"emulator":{"name":"functions"},"function":{"name":"southamerica-east1-controlePedidosApi"},"extension":{},"message":"Finished \"southamerica-east1-controlePedidosApi\" in 3.0303ms"}}
[debug] [2025-10-10T18:24:22.145Z] [worker-southamerica-east1-controlePedidosApi-c48350f6-c28f-491e-a5b6-2b81747d9a01]: IDLE {"metadata":{"emulator":{"name":"functions"},"function":{"name":"southamerica-east1-controlePedidosApi"},"extension":{},"message":"[worker-southamerica-east1-controlePedidosApi-c48350f6-c28f-491e-a5b6-2b81747d9a01]: IDLE"}}
[debug] [2025-10-10T18:24:22.145Z] Finishing up request with event=finish {"metadata":{"emulator":{"name":"functions"},"function":{"name":"southamerica-east1-controlePedidosApi"},"extension":{},"message":"Finishing up request with event=finish"}}
[debug] [2025-10-10T18:24:22.145Z] Finishing up request with event=close {"metadata":{"emulator":{"name":"functions"},"function":{"name":"southamerica-east1-controlePedidosApi"},"extension":{},"message":"Finishing up request with event=close"}}
[debug] [2025-10-10T18:24:22.145Z] [work-queue] {"queuedWork":[],"queueLength":0,"runningWork":[],"workRunningCount":0}
[debug] [2025-10-10T18:24:22.146Z] [work-queue] {"queuedWork":["/gestaopedidos-desenhar/southamerica-east1/controlePedidosApi/dashboard/buscarPedidos-2025-10-10T18:24:22.146Z"],"queueLength":1,"runningWork":[],"workRunningCount":0}
[debug] [2025-10-10T18:24:22.146Z] [work-queue] {"queuedWork":[],"queueLength":0,"runningWork":["/gestaopedidos-desenhar/southamerica-east1/controlePedidosApi/dashboard/buscarPedidos-2025-10-10T18:24:22.146Z"],"workRunningCount":1}
[debug] [2025-10-10T18:24:22.146Z] Accepted request GET /gestaopedidos-desenhar/southamerica-east1/controlePedidosApi/dashboard/buscarPedidos?filtroTipo=&filtroSubTipo=&filtroStatus=&filtroResponsavelUid=&filtroAtrasados=&porPagina=10&filtroCliente=teste5&filtroRequerArte=&filtroRequerGalpao= --> southamerica-east1-controlePedidosApi
[debug] [2025-10-10T18:24:22.147Z] [functions] Runtime ready! Sending request! {"metadata":{"emulator":{"name":"functions"},"message":"[functions] Runtime ready! Sending request!"}}
[debug] [2025-10-10T18:24:22.148Z] [functions] Got req.url=/gestaopedidos-desenhar/southamerica-east1/controlePedidosApi/dashboard/buscarPedidos?filtroTipo=&filtroSubTipo=&filtroStatus=&filtroResponsavelUid=&filtroAtrasados=&porPagina=10&filtroCliente=teste5&filtroRequerArte=&filtroRequerGalpao=, mapping to path=/dashboard/buscarPedidos?filtroTipo=&filtroSubTipo=&filtroStatus=&filtroResponsavelUid=&filtroAtrasados=&porPagina=10&filtroCliente=teste5&filtroRequerArte=&filtroRequerGalpao= {"metadata":{"emulator":{"name":"functions"},"message":"[functions] Got req.url=/gestaopedidos-desenhar/southamerica-east1/controlePedidosApi/dashboard/buscarPedidos?filtroTipo=&filtroSubTipo=&filtroStatus=&filtroResponsavelUid=&filtroAtrasados=&porPagina=10&filtroCliente=teste5&filtroRequerArte=&filtroRequerGalpao=, mapping to path=/dashboard/buscarPedidos?filtroTipo=&filtroSubTipo=&filtroStatus=&filtroResponsavelUid=&filtroAtrasados=&porPagina=10&filtroCliente=teste5&filtroRequerArte=&filtroRequerGalpao="}}
[debug] [2025-10-10T18:24:22.148Z] [worker-pool] submitRequest(triggerId=southamerica-east1-controlePedidosApi) {"metadata":{"emulator":{"name":"functions"},"message":"[worker-pool] submitRequest(triggerId=southamerica-east1-controlePedidosApi)"}}
[info] i  functions: Beginning execution of "southamerica-east1-controlePedidosApi" {"metadata":{"emulator":{"name":"functions"},"function":{"name":"southamerica-east1-controlePedidosApi"},"extension":{},"message":"Beginning execution of \"southamerica-east1-controlePedidosApi\""}}
[debug] [2025-10-10T18:24:22.148Z] [worker-southamerica-east1-controlePedidosApi-c48350f6-c28f-491e-a5b6-2b81747d9a01]: BUSY {"metadata":{"emulator":{"name":"functions"},"function":{"name":"southamerica-east1-controlePedidosApi"},"extension":{},"message":"[worker-southamerica-east1-controlePedidosApi-c48350f6-c28f-491e-a5b6-2b81747d9a01]: BUSY"}}
[info] >  Erro na contagem: Error: 9 FAILED_PRECONDITION: The query requires an index. You can create it here: https://console.firebase.google.com/v1/r/project/gestaopedidos-desenhar/firestore/indexes?create_composite=ClZwcm9qZWN0cy9nZXN0YW9wZWRpZG9zLWRlc2VuaGFyL2RhdGFiYXNlcy8oZGVmYXVsdCkvY29sbGVjdGlvbkdyb3Vwcy9wZWRpZG9zL2luZGV4ZXMvXxABGg8KC25vbWVDbGllbnRlEAEaDwoLc3RhdHVzQXR1YWwQARoMCghfX25hbWVfXxAB {"user":"Erro na contagem: Error: 9 FAILED_PRECONDITION: The query requires an index. You can create it here: https://console.firebase.google.com/v1/r/project/gestaopedidos-desenhar/firestore/indexes?create_composite=ClZwcm9qZWN0cy9nZXN0YW9wZWRpZG9zLWRlc2VuaGFyL2RhdGFiYXNlcy8oZGVmYXVsdCkvY29sbGVjdGlvbkdyb3Vwcy9wZWRpZG9zL2luZGV4ZXMvXxABGg8KC25vbWVDbGllbnRlEAEaDwoLc3RhdHVzQXR1YWwQARoMCghfX25hbWVfXxAB","metadata":{"emulator":{"name":"functions"},"function":{"name":"southamerica-east1-controlePedidosApi"},"extension":{},"message":"\u001b[90m> \u001b[39m Erro na contagem: Error: 9 FAILED_PRECONDITION: The query requires an index. You can create it here: https://console.firebase.google.com/v1/r/project/gestaopedidos-desenhar/firestore/indexes?create_composite=ClZwcm9qZWN0cy9nZXN0YW9wZWRpZG9zLWRlc2VuaGFyL2RhdGFiYXNlcy8oZGVmYXVsdCkvY29sbGVjdGlvbkdyb3Vwcy9wZWRpZG9zL2luZGV4ZXMvXxABGg8KC25vbWVDbGllbnRlEAEaDwoLc3RhdHVzQXR1YWwQARoMCghfX25hbWVfXxAB"}}
[info] >      at callErrorFromStatus (C:\Users\PLOTAGEM01\desenhar\functions\node_modules\@grpc\grpc-js\build\src\call.js:32:19) {"user":"    at callErrorFromStatus (C:\\Users\\PLOTAGEM01\\desenhar\\functions\\node_modules\\@grpc\\grpc-js\\build\\src\\call.js:32:19)","metadata":{"emulator":{"name":"functions"},"function":{"name":"southamerica-east1-controlePedidosApi"},"extension":{},"message":"\u001b[90m> \u001b[39m     at callErrorFromStatus (C:\\Users\\PLOTAGEM01\\desenhar\\functions\\node_modules\\@grpc\\grpc-js\\build\\src\\call.js:32:19)"}}
[info] >      at Object.onReceiveStatus (C:\Users\PLOTAGEM01\desenhar\functions\node_modules\@grpc\grpc-js\build\src\client.js:359:73) {"user":"    at Object.onReceiveStatus (C:\\Users\\PLOTAGEM01\\desenhar\\functions\\node_modules\\@grpc\\grpc-js\\build\\src\\client.js:359:73)","metadata":{"emulator":{"name":"functions"},"function":{"name":"southamerica-east1-controlePedidosApi"},"extension":{},"message":"\u001b[90m> \u001b[39m     at Object.onReceiveStatus (C:\\Users\\PLOTAGEM01\\desenhar\\functions\\node_modules\\@grpc\\grpc-js\\build\\src\\client.js:359:73)"}}
[info] >      at Object.onReceiveStatus (C:\Users\PLOTAGEM01\desenhar\functions\node_modules\@grpc\grpc-js\build\src\client-interceptors.js:324:181) {"user":"    at Object.onReceiveStatus (C:\\Users\\PLOTAGEM01\\desenhar\\functions\\node_modules\\@grpc\\grpc-js\\build\\src\\client-interceptors.js:324:181)","metadata":{"emulator":{"name":"functions"},"function":{"name":"southamerica-east1-controlePedidosApi"},"extension":{},"message":"\u001b[90m> \u001b[39m     at Object.onReceiveStatus (C:\\Users\\PLOTAGEM01\\desenhar\\functions\\node_modules\\@grpc\\grpc-js\\build\\src\\client-interceptors.js:324:181)"}}
[info] >      at C:\Users\PLOTAGEM01\desenhar\functions\node_modules\@grpc\grpc-js\build\src\resolving-call.js:135:78 {"user":"    at C:\\Users\\PLOTAGEM01\\desenhar\\functions\\node_modules\\@grpc\\grpc-js\\build\\src\\resolving-call.js:135:78","metadata":{"emulator":{"name":"functions"},"function":{"name":"southamerica-east1-controlePedidosApi"},"extension":{},"message":"\u001b[90m> \u001b[39m     at C:\\Users\\PLOTAGEM01\\desenhar\\functions\\node_modules\\@grpc\\grpc-js\\build\\src\\resolving-call.js:135:78"}}
[info] >      at process.processTicksAndRejections (node:internal/process/task_queues:85:11) {"user":"    at process.processTicksAndRejections (node:internal/process/task_queues:85:11)","metadata":{"emulator":{"name":"functions"},"function":{"name":"southamerica-east1-controlePedidosApi"},"extension":{},"message":"\u001b[90m> \u001b[39m     at process.processTicksAndRejections (node:internal/process/task_queues:85:11)"}}
[info] >  for call at {"user":"for call at","metadata":{"emulator":{"name":"functions"},"function":{"name":"southamerica-east1-controlePedidosApi"},"extension":{},"message":"\u001b[90m> \u001b[39m for call at"}}
[info] >      at ServiceClientImpl.makeServerStreamRequest (C:\Users\PLOTAGEM01\desenhar\functions\node_modules\@grpc\grpc-js\build\src\client.js:342:32) {"user":"    at ServiceClientImpl.makeServerStreamRequest (C:\\Users\\PLOTAGEM01\\desenhar\\functions\\node_modules\\@grpc\\grpc-js\\build\\src\\client.js:342:32)","metadata":{"emulator":{"name":"functions"},"function":{"name":"southamerica-east1-controlePedidosApi"},"extension":{},"message":"\u001b[90m> \u001b[39m     at ServiceClientImpl.makeServerStreamRequest (C:\\Users\\PLOTAGEM01\\desenhar\\functions\\node_modules\\@grpc\\grpc-js\\build\\src\\client.js:342:32)"}}
[info] >      at ServiceClientImpl.<anonymous> (C:\Users\PLOTAGEM01\desenhar\functions\node_modules\@grpc\grpc-js\build\src\make-client.js:105:19) {"user":"    at ServiceClientImpl.<anonymous> (C:\\Users\\PLOTAGEM01\\desenhar\\functions\\node_modules\\@grpc\\grpc-js\\build\\src\\make-client.js:105:19)","metadata":{"emulator":{"name":"functions"},"function":{"name":"southamerica-east1-controlePedidosApi"},"extension":{},"message":"\u001b[90m> \u001b[39m     at ServiceClientImpl.<anonymous> (C:\\Users\\PLOTAGEM01\\desenhar\\functions\\node_modules\\@grpc\\grpc-js\\build\\src\\make-client.js:105:19)"}}
[info] >      at C:\Users\PLOTAGEM01\desenhar\functions\node_modules\@google-cloud\firestore\build\src\v1\firestore_client.js:242:33 {"user":"    at C:\\Users\\PLOTAGEM01\\desenhar\\functions\\node_modules\\@google-cloud\\firestore\\build\\src\\v1\\firestore_client.js:242:33","metadata":{"emulator":{"name":"functions"},"function":{"name":"southamerica-east1-controlePedidosApi"},"extension":{},"message":"\u001b[90m> \u001b[39m     at C:\\Users\\PLOTAGEM01\\desenhar\\functions\\node_modules\\@google-cloud\\firestore\\build\\src\\v1\\firestore_client.js:242:33"}}
[info] >      at C:\Users\PLOTAGEM01\desenhar\functions\node_modules\google-gax\build\src\streamingCalls\streamingApiCaller.js:38:28 {"user":"    at C:\\Users\\PLOTAGEM01\\desenhar\\functions\\node_modules\\google-gax\\build\\src\\streamingCalls\\streamingApiCaller.js:38:28","metadata":{"emulator":{"name":"functions"},"function":{"name":"southamerica-east1-controlePedidosApi"},"extension":{},"message":"\u001b[90m> \u001b[39m     at C:\\Users\\PLOTAGEM01\\desenhar\\functions\\node_modules\\google-gax\\build\\src\\streamingCalls\\streamingApiCaller.js:38:28"}}
[info] >      at C:\Users\PLOTAGEM01\desenhar\functions\node_modules\google-gax\build\src\normalCalls\timeout.js:44:16 {"user":"    at C:\\Users\\PLOTAGEM01\\desenhar\\functions\\node_modules\\google-gax\\build\\src\\normalCalls\\timeout.js:44:16","metadata":{"emulator":{"name":"functions"},"function":{"name":"southamerica-east1-controlePedidosApi"},"extension":{},"message":"\u001b[90m> \u001b[39m     at C:\\Users\\PLOTAGEM01\\desenhar\\functions\\node_modules\\google-gax\\build\\src\\normalCalls\\timeout.js:44:16"}}
[info] >      at Object.request (C:\Users\PLOTAGEM01\desenhar\functions\node_modules\google-gax\build\src\streamingCalls\streaming.js:234:40) {"user":"    at Object.request (C:\\Users\\PLOTAGEM01\\desenhar\\functions\\node_modules\\google-gax\\build\\src\\streamingCalls\\streaming.js:234:40)","metadata":{"emulator":{"name":"functions"},"function":{"name":"southamerica-east1-controlePedidosApi"},"extension":{},"message":"\u001b[90m> \u001b[39m     at Object.request (C:\\Users\\PLOTAGEM01\\desenhar\\functions\\node_modules\\google-gax\\build\\src\\streamingCalls\\streaming.js:234:40)"}}
[info] >      at makeRequest (C:\Users\PLOTAGEM01\desenhar\functions\node_modules\retry-request\index.js:159:28) {"user":"    at makeRequest (C:\\Users\\PLOTAGEM01\\desenhar\\functions\\node_modules\\retry-request\\index.js:159:28)","metadata":{"emulator":{"name":"functions"},"function":{"name":"southamerica-east1-controlePedidosApi"},"extension":{},"message":"\u001b[90m> \u001b[39m     at makeRequest (C:\\Users\\PLOTAGEM01\\desenhar\\functions\\node_modules\\retry-request\\index.js:159:28)"}}
[info] >      at retryRequest (C:\Users\PLOTAGEM01\desenhar\functions\node_modules\retry-request\index.js:119:5) {"user":"    at retryRequest (C:\\Users\\PLOTAGEM01\\desenhar\\functions\\node_modules\\retry-request\\index.js:119:5)","metadata":{"emulator":{"name":"functions"},"function":{"name":"southamerica-east1-controlePedidosApi"},"extension":{},"message":"\u001b[90m> \u001b[39m     at retryRequest (C:\\Users\\PLOTAGEM01\\desenhar\\functions\\node_modules\\retry-request\\index.js:119:5)"}}
[info] >      at StreamProxy.setStream (C:\Users\PLOTAGEM01\desenhar\functions\node_modules\google-gax\build\src\streamingCalls\streaming.js:225:37) {"user":"    at StreamProxy.setStream (C:\\Users\\PLOTAGEM01\\desenhar\\functions\\node_modules\\google-gax\\build\\src\\streamingCalls\\streaming.js:225:37)","metadata":{"emulator":{"name":"functions"},"function":{"name":"southamerica-east1-controlePedidosApi"},"extension":{},"message":"\u001b[90m> \u001b[39m     at StreamProxy.setStream (C:\\Users\\PLOTAGEM01\\desenhar\\functions\\node_modules\\google-gax\\build\\src\\streamingCalls\\streaming.js:225:37)"}}
[info] >      at StreamingApiCaller.call (C:\Users\PLOTAGEM01\desenhar\functions\node_modules\google-gax\build\src\streamingCalls\streamingApiCaller.js:54:16) {"user":"    at StreamingApiCaller.call (C:\\Users\\PLOTAGEM01\\desenhar\\functions\\node_modules\\google-gax\\build\\src\\streamingCalls\\streamingApiCaller.js:54:16)","metadata":{"emulator":{"name":"functions"},"function":{"name":"southamerica-east1-controlePedidosApi"},"extension":{},"message":"\u001b[90m> \u001b[39m     at StreamingApiCaller.call (C:\\Users\\PLOTAGEM01\\desenhar\\functions\\node_modules\\google-gax\\build\\src\\streamingCalls\\streamingApiCaller.js:54:16)"}}
[info] >  Caused by: Error {"user":"Caused by: Error","metadata":{"emulator":{"name":"functions"},"function":{"name":"southamerica-east1-controlePedidosApi"},"extension":{},"message":"\u001b[90m> \u001b[39m Caused by: Error"}}
[info] >      at AggregateQuery._getResponse (C:\Users\PLOTAGEM01\desenhar\functions\node_modules\@google-cloud\firestore\build\src\reference\aggregate-query.js:100:23) {"user":"    at AggregateQuery._getResponse (C:\\Users\\PLOTAGEM01\\desenhar\\functions\\node_modules\\@google-cloud\\firestore\\build\\src\\reference\\aggregate-query.js:100:23)","metadata":{"emulator":{"name":"functions"},"function":{"name":"southamerica-east1-controlePedidosApi"},"extension":{},"message":"\u001b[90m> \u001b[39m     at AggregateQuery._getResponse (C:\\Users\\PLOTAGEM01\\desenhar\\functions\\node_modules\\@google-cloud\\firestore\\build\\src\\reference\\aggregate-query.js:100:23)"}}
[info] >      at AggregateQuery._get (C:\Users\PLOTAGEM01\desenhar\functions\node_modules\@google-cloud\firestore\build\src\reference\aggregate-query.js:83:37) {"user":"    at AggregateQuery._get (C:\\Users\\PLOTAGEM01\\desenhar\\functions\\node_modules\\@google-cloud\\firestore\\build\\src\\reference\\aggregate-query.js:83:37)","metadata":{"emulator":{"name":"functions"},"function":{"name":"southamerica-east1-controlePedidosApi"},"extension":{},"message":"\u001b[90m> \u001b[39m     at AggregateQuery._get (C:\\Users\\PLOTAGEM01\\desenhar\\functions\\node_modules\\@google-cloud\\firestore\\build\\src\\reference\\aggregate-query.js:83:37)"}}
[info] >      at C:\Users\PLOTAGEM01\desenhar\functions\node_modules\@google-cloud\firestore\build\src\reference\aggregate-query.js:69:43 {"user":"    at C:\\Users\\PLOTAGEM01\\desenhar\\functions\\node_modules\\@google-cloud\\firestore\\build\\src\\reference\\aggregate-query.js:69:43","metadata":{"emulator":{"name":"functions"},"function":{"name":"southamerica-east1-controlePedidosApi"},"extension":{},"message":"\u001b[90m> \u001b[39m     at C:\\Users\\PLOTAGEM01\\desenhar\\functions\\node_modules\\@google-cloud\\firestore\\build\\src\\reference\\aggregate-query.js:69:43"}}
[info] >      at C:\Users\PLOTAGEM01\desenhar\functions\node_modules\@google-cloud\firestore\build\src\telemetry\enabled-trace-util.js:110:30 {"user":"    at C:\\Users\\PLOTAGEM01\\desenhar\\functions\\node_modules\\@google-cloud\\firestore\\build\\src\\telemetry\\enabled-trace-util.js:110:30","metadata":{"emulator":{"name":"functions"},"function":{"name":"southamerica-east1-controlePedidosApi"},"extension":{},"message":"\u001b[90m> \u001b[39m     at C:\\Users\\PLOTAGEM01\\desenhar\\functions\\node_modules\\@google-cloud\\firestore\\build\\src\\telemetry\\enabled-trace-util.js:110:30"}}
[info] >      at NoopContextManager.with (C:\Users\PLOTAGEM01\desenhar\functions\node_modules\@opentelemetry\api\build\src\context\NoopContextManager.js:25:19) {"user":"    at NoopContextManager.with (C:\\Users\\PLOTAGEM01\\desenhar\\functions\\node_modules\\@opentelemetry\\api\\build\\src\\context\\NoopContextManager.js:25:19)","metadata":{"emulator":{"name":"functions"},"function":{"name":"southamerica-east1-controlePedidosApi"},"extension":{},"message":"\u001b[90m> \u001b[39m     at NoopContextManager.with (C:\\Users\\PLOTAGEM01\\desenhar\\functions\\node_modules\\@opentelemetry\\api\\build\\src\\context\\NoopContextManager.js:25:19)"}}
[info] >      at ContextAPI.with (C:\Users\PLOTAGEM01\desenhar\functions\node_modules\@opentelemetry\api\build\src\api\context.js:60:46) {"user":"    at ContextAPI.with (C:\\Users\\PLOTAGEM01\\desenhar\\functions\\node_modules\\@opentelemetry\\api\\build\\src\\api\\context.js:60:46)","metadata":{"emulator":{"name":"functions"},"function":{"name":"southamerica-east1-controlePedidosApi"},"extension":{},"message":"\u001b[90m> \u001b[39m     at ContextAPI.with (C:\\Users\\PLOTAGEM01\\desenhar\\functions\\node_modules\\@opentelemetry\\api\\build\\src\\api\\context.js:60:46)"}}
[info] >      at NoopTracer.startActiveSpan (C:\Users\PLOTAGEM01\desenhar\functions\node_modules\@opentelemetry\api\build\src\trace\NoopTracer.js:65:31) {"user":"    at NoopTracer.startActiveSpan (C:\\Users\\PLOTAGEM01\\desenhar\\functions\\node_modules\\@opentelemetry\\api\\build\\src\\trace\\NoopTracer.js:65:31)","metadata":{"emulator":{"name":"functions"},"function":{"name":"southamerica-east1-controlePedidosApi"},"extension":{},"message":"\u001b[90m> \u001b[39m     at NoopTracer.startActiveSpan (C:\\Users\\PLOTAGEM01\\desenhar\\functions\\node_modules\\@opentelemetry\\api\\build\\src\\trace\\NoopTracer.js:65:31)"}}
[info] >      at ProxyTracer.startActiveSpan (C:\Users\PLOTAGEM01\desenhar\functions\node_modules\@opentelemetry\api\build\src\trace\ProxyTracer.js:36:24) {"user":"    at ProxyTracer.startActiveSpan (C:\\Users\\PLOTAGEM01\\desenhar\\functions\\node_modules\\@opentelemetry\\api\\build\\src\\trace\\ProxyTracer.js:36:24)","metadata":{"emulator":{"name":"functions"},"function":{"name":"southamerica-east1-controlePedidosApi"},"extension":{},"message":"\u001b[90m> \u001b[39m     at ProxyTracer.startActiveSpan (C:\\Users\\PLOTAGEM01\\desenhar\\functions\\node_modules\\@opentelemetry\\api\\build\\src\\trace\\ProxyTracer.js:36:24)"}}
[info] >      at EnabledTraceUtil.startActiveSpan (C:\Users\PLOTAGEM01\desenhar\functions\node_modules\@google-cloud\firestore\build\src\telemetry\enabled-trace-util.js:102:28) {"user":"    at EnabledTraceUtil.startActiveSpan (C:\\Users\\PLOTAGEM01\\desenhar\\functions\\node_modules\\@google-cloud\\firestore\\build\\src\\telemetry\\enabled-trace-util.js:102:28)","metadata":{"emulator":{"name":"functions"},"function":{"name":"southamerica-east1-controlePedidosApi"},"extension":{},"message":"\u001b[90m> \u001b[39m     at EnabledTraceUtil.startActiveSpan (C:\\Users\\PLOTAGEM01\\desenhar\\functions\\node_modules\\@google-cloud\\firestore\\build\\src\\telemetry\\enabled-trace-util.js:102:28)"}}
[info] >      at AggregateQuery.get (C:\Users\PLOTAGEM01\desenhar\functions\node_modules\@google-cloud\firestore\build\src\reference\aggregate-query.js:68:50) { {"user":"    at AggregateQuery.get (C:\\Users\\PLOTAGEM01\\desenhar\\functions\\node_modules\\@google-cloud\\firestore\\build\\src\\reference\\aggregate-query.js:68:50) {","metadata":{"emulator":{"name":"functions"},"function":{"name":"southamerica-east1-controlePedidosApi"},"extension":{},"message":"\u001b[90m> \u001b[39m     at AggregateQuery.get (C:\\Users\\PLOTAGEM01\\desenhar\\functions\\node_modules\\@google-cloud\\firestore\\build\\src\\reference\\aggregate-query.js:68:50) {"}}
[info] >    code: 9, {"user":"  code: 9,","metadata":{"emulator":{"name":"functions"},"function":{"name":"southamerica-east1-controlePedidosApi"},"extension":{},"message":"\u001b[90m> \u001b[39m   code: 9,"}}
[info] >    details: 'The query requires an index. You can create it here: https://console.firebase.google.com/v1/r/project/gestaopedidos-desenhar/firestore/indexes?create_composite=ClZwcm9qZWN0cy9nZXN0YW9wZWRpZG9zLWRlc2VuaGFyL2RhdGFiYXNlcy8oZGVmYXVsdCkvY29sbGVjdGlvbkdyb3Vwcy9wZWRpZG9zL2luZGV4ZXMvXxABGg8KC25vbWVDbGllbnRlEAEaDwoLc3RhdHVzQXR1YWwQARoMCghfX25hbWVfXxAB', {"user":"  details: 'The query requires an index. You can create it here: https://console.firebase.google.com/v1/r/project/gestaopedidos-desenhar/firestore/indexes?create_composite=ClZwcm9qZWN0cy9nZXN0YW9wZWRpZG9zLWRlc2VuaGFyL2RhdGFiYXNlcy8oZGVmYXVsdCkvY29sbGVjdGlvbkdyb3Vwcy9wZWRpZG9zL2luZGV4ZXMvXxABGg8KC25vbWVDbGllbnRlEAEaDwoLc3RhdHVzQXR1YWwQARoMCghfX25hbWVfXxAB',","metadata":{"emulator":{"name":"functions"},"function":{"name":"southamerica-east1-controlePedidosApi"},"extension":{},"message":"\u001b[90m> \u001b[39m   details: 'The query requires an index. You can create it here: https://console.firebase.google.com/v1/r/project/gestaopedidos-desenhar/firestore/indexes?create_composite=ClZwcm9qZWN0cy9nZXN0YW9wZWRpZG9zLWRlc2VuaGFyL2RhdGFiYXNlcy8oZGVmYXVsdCkvY29sbGVjdGlvbkdyb3Vwcy9wZWRpZG9zL2luZGV4ZXMvXxABGg8KC25vbWVDbGllbnRlEAEaDwoLc3RhdHVzQXR1YWwQARoMCghfX25hbWVfXxAB',"}}
[info] >    metadata: Metadata { {"user":"  metadata: Metadata {","metadata":{"emulator":{"name":"functions"},"function":{"name":"southamerica-east1-controlePedidosApi"},"extension":{},"message":"\u001b[90m> \u001b[39m   metadata: Metadata {"}}
[info] >      internalRepr: Map(1) { 'x-debug-tracking-id' => [Array] }, {"user":"    internalRepr: Map(1) { 'x-debug-tracking-id' => [Array] },","metadata":{"emulator":{"name":"functions"},"function":{"name":"southamerica-east1-controlePedidosApi"},"extension":{},"message":"\u001b[90m> \u001b[39m     internalRepr: Map(1) { 'x-debug-tracking-id' => [Array] },"}}
[info] >      options: {} {"user":"    options: {}","metadata":{"emulator":{"name":"functions"},"function":{"name":"southamerica-east1-controlePedidosApi"},"extension":{},"message":"\u001b[90m> \u001b[39m     options: {}"}}
[info] >    } {"user":"  }","metadata":{"emulator":{"name":"functions"},"function":{"name":"southamerica-east1-controlePedidosApi"},"extension":{},"message":"\u001b[90m> \u001b[39m   }"}}
[info] >  } {"user":"}","metadata":{"emulator":{"name":"functions"},"function":{"name":"southamerica-east1-controlePedidosApi"},"extension":{},"message":"\u001b[90m> \u001b[39m }"}}
[debug] [2025-10-10T18:24:22.396Z] Finishing up request with event=pause {"metadata":{"emulator":{"name":"functions"},"function":{"name":"southamerica-east1-controlePedidosApi"},"extension":{},"message":"Finishing up request with event=pause"}}
[info] i  functions: Finished "southamerica-east1-controlePedidosApi" in 248.106ms {"metadata":{"emulator":{"name":"functions"},"function":{"name":"southamerica-east1-controlePedidosApi"},"extension":{},"message":"Finished \"southamerica-east1-controlePedidosApi\" in 248.106ms"}}
[debug] [2025-10-10T18:24:22.399Z] [worker-southamerica-east1-controlePedidosApi-c48350f6-c28f-491e-a5b6-2b81747d9a01]: IDLE {"metadata":{"emulator":{"name":"functions"},"function":{"name":"southamerica-east1-controlePedidosApi"},"extension":{},"message":"[worker-southamerica-east1-controlePedidosApi-c48350f6-c28f-491e-a5b6-2b81747d9a01]: IDLE"}}
[debug] [2025-10-10T18:24:22.400Z] Finishing up request with event=finish {"metadata":{"emulator":{"name":"functions"},"function":{"name":"southamerica-east1-controlePedidosApi"},"extension":{},"message":"Finishing up request with event=finish"}}
[debug] [2025-10-10T18:24:22.400Z] Finishing up request with event=close {"metadata":{"emulator":{"name":"functions"},"function":{"name":"southamerica-east1-controlePedidosApi"},"extension":{},"message":"Finishing up request with event=close"}}
[debug] [2025-10-10T18:24:22.401Z] [work-queue] {"queuedWork":[],"queueLength":0,"runningWork":[],"workRunningCount":0}
[debug] [2025-10-10T18:24:23.999Z] [work-queue] {"queuedWork":["/gestaopedidos-desenhar/southamerica-east1/controlePedidosApi/dashboard/buscarPedidos-2025-10-10T18:24:23.999Z"],"queueLength":1,"runningWork":[],"workRunningCount":0}
[debug] [2025-10-10T18:24:23.999Z] [work-queue] {"queuedWork":[],"queueLength":0,"runningWork":["/gestaopedidos-desenhar/southamerica-east1/controlePedidosApi/dashboard/buscarPedidos-2025-10-10T18:24:23.999Z"],"workRunningCount":1}
[debug] [2025-10-10T18:24:23.999Z] Accepted request OPTIONS /gestaopedidos-desenhar/southamerica-east1/controlePedidosApi/dashboard/buscarPedidos?filtroTipo=&filtroSubTipo=&filtroStatus=&filtroResponsavelUid=&filtroAtrasados=&porPagina=10&filtroCliente=111&filtroRequerArte=&filtroRequerGalpao= --> southamerica-east1-controlePedidosApi
[debug] [2025-10-10T18:24:24.000Z] [functions] Runtime ready! Sending request! {"metadata":{"emulator":{"name":"functions"},"message":"[functions] Runtime ready! Sending request!"}}
[debug] [2025-10-10T18:24:24.000Z] [functions] Got req.url=/gestaopedidos-desenhar/southamerica-east1/controlePedidosApi/dashboard/buscarPedidos?filtroTipo=&filtroSubTipo=&filtroStatus=&filtroResponsavelUid=&filtroAtrasados=&porPagina=10&filtroCliente=111&filtroRequerArte=&filtroRequerGalpao=, mapping to path=/dashboard/buscarPedidos?filtroTipo=&filtroSubTipo=&filtroStatus=&filtroResponsavelUid=&filtroAtrasados=&porPagina=10&filtroCliente=111&filtroRequerArte=&filtroRequerGalpao= {"metadata":{"emulator":{"name":"functions"},"message":"[functions] Got req.url=/gestaopedidos-desenhar/southamerica-east1/controlePedidosApi/dashboard/buscarPedidos?filtroTipo=&filtroSubTipo=&filtroStatus=&filtroResponsavelUid=&filtroAtrasados=&porPagina=10&filtroCliente=111&filtroRequerArte=&filtroRequerGalpao=, mapping to path=/dashboard/buscarPedidos?filtroTipo=&filtroSubTipo=&filtroStatus=&filtroResponsavelUid=&filtroAtrasados=&porPagina=10&filtroCliente=111&filtroRequerArte=&filtroRequerGalpao="}}
[debug] [2025-10-10T18:24:24.000Z] [worker-pool] submitRequest(triggerId=southamerica-east1-controlePedidosApi) {"metadata":{"emulator":{"name":"functions"},"message":"[worker-pool] submitRequest(triggerId=southamerica-east1-controlePedidosApi)"}}
[info] i  functions: Beginning execution of "southamerica-east1-controlePedidosApi" {"metadata":{"emulator":{"name":"functions"},"function":{"name":"southamerica-east1-controlePedidosApi"},"extension":{},"message":"Beginning execution of \"southamerica-east1-controlePedidosApi\""}}
[debug] [2025-10-10T18:24:24.006Z] [worker-southamerica-east1-controlePedidosApi-c48350f6-c28f-491e-a5b6-2b81747d9a01]: BUSY {"metadata":{"emulator":{"name":"functions"},"function":{"name":"southamerica-east1-controlePedidosApi"},"extension":{},"message":"[worker-southamerica-east1-controlePedidosApi-c48350f6-c28f-491e-a5b6-2b81747d9a01]: BUSY"}}
[debug] [2025-10-10T18:24:24.008Z] Finishing up request with event=pause {"metadata":{"emulator":{"name":"functions"},"function":{"name":"southamerica-east1-controlePedidosApi"},"extension":{},"message":"Finishing up request with event=pause"}}
[info] i  functions: Finished "southamerica-east1-controlePedidosApi" in 2.3226ms {"metadata":{"emulator":{"name":"functions"},"function":{"name":"southamerica-east1-controlePedidosApi"},"extension":{},"message":"Finished \"southamerica-east1-controlePedidosApi\" in 2.3226ms"}}
[debug] [2025-10-10T18:24:24.011Z] [worker-southamerica-east1-controlePedidosApi-c48350f6-c28f-491e-a5b6-2b81747d9a01]: IDLE {"metadata":{"emulator":{"name":"functions"},"function":{"name":"southamerica-east1-controlePedidosApi"},"extension":{},"message":"[worker-southamerica-east1-controlePedidosApi-c48350f6-c28f-491e-a5b6-2b81747d9a01]: IDLE"}}
[debug] [2025-10-10T18:24:24.011Z] Finishing up request with event=finish {"metadata":{"emulator":{"name":"functions"},"function":{"name":"southamerica-east1-controlePedidosApi"},"extension":{},"message":"Finishing up request with event=finish"}}
[debug] [2025-10-10T18:24:24.011Z] Finishing up request with event=close {"metadata":{"emulator":{"name":"functions"},"function":{"name":"southamerica-east1-controlePedidosApi"},"extension":{},"message":"Finishing up request with event=close"}}
[debug] [2025-10-10T18:24:24.011Z] [work-queue] {"queuedWork":[],"queueLength":0,"runningWork":[],"workRunningCount":0}
[debug] [2025-10-10T18:24:24.012Z] [work-queue] {"queuedWork":["/gestaopedidos-desenhar/southamerica-east1/controlePedidosApi/dashboard/buscarPedidos-2025-10-10T18:24:24.012Z"],"queueLength":1,"runningWork":[],"workRunningCount":0}
[debug] [2025-10-10T18:24:24.013Z] [work-queue] {"queuedWork":[],"queueLength":0,"runningWork":["/gestaopedidos-desenhar/southamerica-east1/controlePedidosApi/dashboard/buscarPedidos-2025-10-10T18:24:24.012Z"],"workRunningCount":1}
[debug] [2025-10-10T18:24:24.013Z] Accepted request GET /gestaopedidos-desenhar/southamerica-east1/controlePedidosApi/dashboard/buscarPedidos?filtroTipo=&filtroSubTipo=&filtroStatus=&filtroResponsavelUid=&filtroAtrasados=&porPagina=10&filtroCliente=111&filtroRequerArte=&filtroRequerGalpao= --> southamerica-east1-controlePedidosApi
[debug] [2025-10-10T18:24:24.013Z] [functions] Runtime ready! Sending request! {"metadata":{"emulator":{"name":"functions"},"message":"[functions] Runtime ready! Sending request!"}}
[debug] [2025-10-10T18:24:24.013Z] [functions] Got req.url=/gestaopedidos-desenhar/southamerica-east1/controlePedidosApi/dashboard/buscarPedidos?filtroTipo=&filtroSubTipo=&filtroStatus=&filtroResponsavelUid=&filtroAtrasados=&porPagina=10&filtroCliente=111&filtroRequerArte=&filtroRequerGalpao=, mapping to path=/dashboard/buscarPedidos?filtroTipo=&filtroSubTipo=&filtroStatus=&filtroResponsavelUid=&filtroAtrasados=&porPagina=10&filtroCliente=111&filtroRequerArte=&filtroRequerGalpao= {"metadata":{"emulator":{"name":"functions"},"message":"[functions] Got req.url=/gestaopedidos-desenhar/southamerica-east1/controlePedidosApi/dashboard/buscarPedidos?filtroTipo=&filtroSubTipo=&filtroStatus=&filtroResponsavelUid=&filtroAtrasados=&porPagina=10&filtroCliente=111&filtroRequerArte=&filtroRequerGalpao=, mapping to path=/dashboard/buscarPedidos?filtroTipo=&filtroSubTipo=&filtroStatus=&filtroResponsavelUid=&filtroAtrasados=&porPagina=10&filtroCliente=111&filtroRequerArte=&filtroRequerGalpao="}}
[debug] [2025-10-10T18:24:24.014Z] [worker-pool] submitRequest(triggerId=southamerica-east1-controlePedidosApi) {"metadata":{"emulator":{"name":"functions"},"message":"[worker-pool] submitRequest(triggerId=southamerica-east1-controlePedidosApi)"}}
[info] i  functions: Beginning execution of "southamerica-east1-controlePedidosApi" {"metadata":{"emulator":{"name":"functions"},"function":{"name":"southamerica-east1-controlePedidosApi"},"extension":{},"message":"Beginning execution of \"southamerica-east1-controlePedidosApi\""}}
[debug] [2025-10-10T18:24:24.014Z] [worker-southamerica-east1-controlePedidosApi-c48350f6-c28f-491e-a5b6-2b81747d9a01]: BUSY {"metadata":{"emulator":{"name":"functions"},"function":{"name":"southamerica-east1-controlePedidosApi"},"extension":{},"message":"[worker-southamerica-east1-controlePedidosApi-c48350f6-c28f-491e-a5b6-2b81747d9a01]: BUSY"}}
[info] >  Erro na contagem: Error: 9 FAILED_PRECONDITION: The query requires an index. You can create it here: https://console.firebase.google.com/v1/r/project/gestaopedidos-desenhar/firestore/indexes?create_composite=ClZwcm9qZWN0cy9nZXN0YW9wZWRpZG9zLWRlc2VuaGFyL2RhdGFiYXNlcy8oZGVmYXVsdCkvY29sbGVjdGlvbkdyb3Vwcy9wZWRpZG9zL2luZGV4ZXMvXxABGhAKDG51bWVyb1BlZGlkbxABGg8KC3N0YXR1c0F0dWFsEAEaDAoIX19uYW1lX18QAQ {"user":"Erro na contagem: Error: 9 FAILED_PRECONDITION: The query requires an index. You can create it here: https://console.firebase.google.com/v1/r/project/gestaopedidos-desenhar/firestore/indexes?create_composite=ClZwcm9qZWN0cy9nZXN0YW9wZWRpZG9zLWRlc2VuaGFyL2RhdGFiYXNlcy8oZGVmYXVsdCkvY29sbGVjdGlvbkdyb3Vwcy9wZWRpZG9zL2luZGV4ZXMvXxABGhAKDG51bWVyb1BlZGlkbxABGg8KC3N0YXR1c0F0dWFsEAEaDAoIX19uYW1lX18QAQ","metadata":{"emulator":{"name":"functions"},"function":{"name":"southamerica-east1-controlePedidosApi"},"extension":{},"message":"\u001b[90m> \u001b[39m Erro na contagem: Error: 9 FAILED_PRECONDITION: The query requires an index. You can create it here: https://console.firebase.google.com/v1/r/project/gestaopedidos-desenhar/firestore/indexes?create_composite=ClZwcm9qZWN0cy9nZXN0YW9wZWRpZG9zLWRlc2VuaGFyL2RhdGFiYXNlcy8oZGVmYXVsdCkvY29sbGVjdGlvbkdyb3Vwcy9wZWRpZG9zL2luZGV4ZXMvXxABGhAKDG51bWVyb1BlZGlkbxABGg8KC3N0YXR1c0F0dWFsEAEaDAoIX19uYW1lX18QAQ"}}
[info] >      at callErrorFromStatus (C:\Users\PLOTAGEM01\desenhar\functions\node_modules\@grpc\grpc-js\build\src\call.js:32:19) {"user":"    at callErrorFromStatus (C:\\Users\\PLOTAGEM01\\desenhar\\functions\\node_modules\\@grpc\\grpc-js\\build\\src\\call.js:32:19)","metadata":{"emulator":{"name":"functions"},"function":{"name":"southamerica-east1-controlePedidosApi"},"extension":{},"message":"\u001b[90m> \u001b[39m     at callErrorFromStatus (C:\\Users\\PLOTAGEM01\\desenhar\\functions\\node_modules\\@grpc\\grpc-js\\build\\src\\call.js:32:19)"}}
[info] >      at Object.onReceiveStatus (C:\Users\PLOTAGEM01\desenhar\functions\node_modules\@grpc\grpc-js\build\src\client.js:359:73) {"user":"    at Object.onReceiveStatus (C:\\Users\\PLOTAGEM01\\desenhar\\functions\\node_modules\\@grpc\\grpc-js\\build\\src\\client.js:359:73)","metadata":{"emulator":{"name":"functions"},"function":{"name":"southamerica-east1-controlePedidosApi"},"extension":{},"message":"\u001b[90m> \u001b[39m     at Object.onReceiveStatus (C:\\Users\\PLOTAGEM01\\desenhar\\functions\\node_modules\\@grpc\\grpc-js\\build\\src\\client.js:359:73)"}}
[info] >      at Object.onReceiveStatus (C:\Users\PLOTAGEM01\desenhar\functions\node_modules\@grpc\grpc-js\build\src\client-interceptors.js:324:181) {"user":"    at Object.onReceiveStatus (C:\\Users\\PLOTAGEM01\\desenhar\\functions\\node_modules\\@grpc\\grpc-js\\build\\src\\client-interceptors.js:324:181)","metadata":{"emulator":{"name":"functions"},"function":{"name":"southamerica-east1-controlePedidosApi"},"extension":{},"message":"\u001b[90m> \u001b[39m     at Object.onReceiveStatus (C:\\Users\\PLOTAGEM01\\desenhar\\functions\\node_modules\\@grpc\\grpc-js\\build\\src\\client-interceptors.js:324:181)"}}
[info] >      at C:\Users\PLOTAGEM01\desenhar\functions\node_modules\@grpc\grpc-js\build\src\resolving-call.js:135:78 {"user":"    at C:\\Users\\PLOTAGEM01\\desenhar\\functions\\node_modules\\@grpc\\grpc-js\\build\\src\\resolving-call.js:135:78","metadata":{"emulator":{"name":"functions"},"function":{"name":"southamerica-east1-controlePedidosApi"},"extension":{},"message":"\u001b[90m> \u001b[39m     at C:\\Users\\PLOTAGEM01\\desenhar\\functions\\node_modules\\@grpc\\grpc-js\\build\\src\\resolving-call.js:135:78"}}
[info] >      at process.processTicksAndRejections (node:internal/process/task_queues:85:11) {"user":"    at process.processTicksAndRejections (node:internal/process/task_queues:85:11)","metadata":{"emulator":{"name":"functions"},"function":{"name":"southamerica-east1-controlePedidosApi"},"extension":{},"message":"\u001b[90m> \u001b[39m     at process.processTicksAndRejections (node:internal/process/task_queues:85:11)"}}
[info] >  for call at {"user":"for call at","metadata":{"emulator":{"name":"functions"},"function":{"name":"southamerica-east1-controlePedidosApi"},"extension":{},"message":"\u001b[90m> \u001b[39m for call at"}}
[info] >      at ServiceClientImpl.makeServerStreamRequest (C:\Users\PLOTAGEM01\desenhar\functions\node_modules\@grpc\grpc-js\build\src\client.js:342:32) {"user":"    at ServiceClientImpl.makeServerStreamRequest (C:\\Users\\PLOTAGEM01\\desenhar\\functions\\node_modules\\@grpc\\grpc-js\\build\\src\\client.js:342:32)","metadata":{"emulator":{"name":"functions"},"function":{"name":"southamerica-east1-controlePedidosApi"},"extension":{},"message":"\u001b[90m> \u001b[39m     at ServiceClientImpl.makeServerStreamRequest (C:\\Users\\PLOTAGEM01\\desenhar\\functions\\node_modules\\@grpc\\grpc-js\\build\\src\\client.js:342:32)"}}
[info] >      at ServiceClientImpl.<anonymous> (C:\Users\PLOTAGEM01\desenhar\functions\node_modules\@grpc\grpc-js\build\src\make-client.js:105:19) {"user":"    at ServiceClientImpl.<anonymous> (C:\\Users\\PLOTAGEM01\\desenhar\\functions\\node_modules\\@grpc\\grpc-js\\build\\src\\make-client.js:105:19)","metadata":{"emulator":{"name":"functions"},"function":{"name":"southamerica-east1-controlePedidosApi"},"extension":{},"message":"\u001b[90m> \u001b[39m     at ServiceClientImpl.<anonymous> (C:\\Users\\PLOTAGEM01\\desenhar\\functions\\node_modules\\@grpc\\grpc-js\\build\\src\\make-client.js:105:19)"}}
[info] >      at C:\Users\PLOTAGEM01\desenhar\functions\node_modules\@google-cloud\firestore\build\src\v1\firestore_client.js:242:33 {"user":"    at C:\\Users\\PLOTAGEM01\\desenhar\\functions\\node_modules\\@google-cloud\\firestore\\build\\src\\v1\\firestore_client.js:242:33","metadata":{"emulator":{"name":"functions"},"function":{"name":"southamerica-east1-controlePedidosApi"},"extension":{},"message":"\u001b[90m> \u001b[39m     at C:\\Users\\PLOTAGEM01\\desenhar\\functions\\node_modules\\@google-cloud\\firestore\\build\\src\\v1\\firestore_client.js:242:33"}}
[info] >      at C:\Users\PLOTAGEM01\desenhar\functions\node_modules\google-gax\build\src\streamingCalls\streamingApiCaller.js:38:28 {"user":"    at C:\\Users\\PLOTAGEM01\\desenhar\\functions\\node_modules\\google-gax\\build\\src\\streamingCalls\\streamingApiCaller.js:38:28","metadata":{"emulator":{"name":"functions"},"function":{"name":"southamerica-east1-controlePedidosApi"},"extension":{},"message":"\u001b[90m> \u001b[39m     at C:\\Users\\PLOTAGEM01\\desenhar\\functions\\node_modules\\google-gax\\build\\src\\streamingCalls\\streamingApiCaller.js:38:28"}}
[info] >      at C:\Users\PLOTAGEM01\desenhar\functions\node_modules\google-gax\build\src\normalCalls\timeout.js:44:16 {"user":"    at C:\\Users\\PLOTAGEM01\\desenhar\\functions\\node_modules\\google-gax\\build\\src\\normalCalls\\timeout.js:44:16","metadata":{"emulator":{"name":"functions"},"function":{"name":"southamerica-east1-controlePedidosApi"},"extension":{},"message":"\u001b[90m> \u001b[39m     at C:\\Users\\PLOTAGEM01\\desenhar\\functions\\node_modules\\google-gax\\build\\src\\normalCalls\\timeout.js:44:16"}}
[info] >      at Object.request (C:\Users\PLOTAGEM01\desenhar\functions\node_modules\google-gax\build\src\streamingCalls\streaming.js:234:40) {"user":"    at Object.request (C:\\Users\\PLOTAGEM01\\desenhar\\functions\\node_modules\\google-gax\\build\\src\\streamingCalls\\streaming.js:234:40)","metadata":{"emulator":{"name":"functions"},"function":{"name":"southamerica-east1-controlePedidosApi"},"extension":{},"message":"\u001b[90m> \u001b[39m     at Object.request (C:\\Users\\PLOTAGEM01\\desenhar\\functions\\node_modules\\google-gax\\build\\src\\streamingCalls\\streaming.js:234:40)"}}
[info] >      at makeRequest (C:\Users\PLOTAGEM01\desenhar\functions\node_modules\retry-request\index.js:159:28) {"user":"    at makeRequest (C:\\Users\\PLOTAGEM01\\desenhar\\functions\\node_modules\\retry-request\\index.js:159:28)","metadata":{"emulator":{"name":"functions"},"function":{"name":"southamerica-east1-controlePedidosApi"},"extension":{},"message":"\u001b[90m> \u001b[39m     at makeRequest (C:\\Users\\PLOTAGEM01\\desenhar\\functions\\node_modules\\retry-request\\index.js:159:28)"}}
[info] >      at retryRequest (C:\Users\PLOTAGEM01\desenhar\functions\node_modules\retry-request\index.js:119:5) {"user":"    at retryRequest (C:\\Users\\PLOTAGEM01\\desenhar\\functions\\node_modules\\retry-request\\index.js:119:5)","metadata":{"emulator":{"name":"functions"},"function":{"name":"southamerica-east1-controlePedidosApi"},"extension":{},"message":"\u001b[90m> \u001b[39m     at retryRequest (C:\\Users\\PLOTAGEM01\\desenhar\\functions\\node_modules\\retry-request\\index.js:119:5)"}}
[info] >      at StreamProxy.setStream (C:\Users\PLOTAGEM01\desenhar\functions\node_modules\google-gax\build\src\streamingCalls\streaming.js:225:37) {"user":"    at StreamProxy.setStream (C:\\Users\\PLOTAGEM01\\desenhar\\functions\\node_modules\\google-gax\\build\\src\\streamingCalls\\streaming.js:225:37)","metadata":{"emulator":{"name":"functions"},"function":{"name":"southamerica-east1-controlePedidosApi"},"extension":{},"message":"\u001b[90m> \u001b[39m     at StreamProxy.setStream (C:\\Users\\PLOTAGEM01\\desenhar\\functions\\node_modules\\google-gax\\build\\src\\streamingCalls\\streaming.js:225:37)"}}
[info] >      at StreamingApiCaller.call (C:\Users\PLOTAGEM01\desenhar\functions\node_modules\google-gax\build\src\streamingCalls\streamingApiCaller.js:54:16) {"user":"    at StreamingApiCaller.call (C:\\Users\\PLOTAGEM01\\desenhar\\functions\\node_modules\\google-gax\\build\\src\\streamingCalls\\streamingApiCaller.js:54:16)","metadata":{"emulator":{"name":"functions"},"function":{"name":"southamerica-east1-controlePedidosApi"},"extension":{},"message":"\u001b[90m> \u001b[39m     at StreamingApiCaller.call (C:\\Users\\PLOTAGEM01\\desenhar\\functions\\node_modules\\google-gax\\build\\src\\streamingCalls\\streamingApiCaller.js:54:16)"}}
[info] >  Caused by: Error {"user":"Caused by: Error","metadata":{"emulator":{"name":"functions"},"function":{"name":"southamerica-east1-controlePedidosApi"},"extension":{},"message":"\u001b[90m> \u001b[39m Caused by: Error"}}
[info] >      at AggregateQuery._getResponse (C:\Users\PLOTAGEM01\desenhar\functions\node_modules\@google-cloud\firestore\build\src\reference\aggregate-query.js:100:23) {"user":"    at AggregateQuery._getResponse (C:\\Users\\PLOTAGEM01\\desenhar\\functions\\node_modules\\@google-cloud\\firestore\\build\\src\\reference\\aggregate-query.js:100:23)","metadata":{"emulator":{"name":"functions"},"function":{"name":"southamerica-east1-controlePedidosApi"},"extension":{},"message":"\u001b[90m> \u001b[39m     at AggregateQuery._getResponse (C:\\Users\\PLOTAGEM01\\desenhar\\functions\\node_modules\\@google-cloud\\firestore\\build\\src\\reference\\aggregate-query.js:100:23)"}}
[info] >      at AggregateQuery._get (C:\Users\PLOTAGEM01\desenhar\functions\node_modules\@google-cloud\firestore\build\src\reference\aggregate-query.js:83:37) {"user":"    at AggregateQuery._get (C:\\Users\\PLOTAGEM01\\desenhar\\functions\\node_modules\\@google-cloud\\firestore\\build\\src\\reference\\aggregate-query.js:83:37)","metadata":{"emulator":{"name":"functions"},"function":{"name":"southamerica-east1-controlePedidosApi"},"extension":{},"message":"\u001b[90m> \u001b[39m     at AggregateQuery._get (C:\\Users\\PLOTAGEM01\\desenhar\\functions\\node_modules\\@google-cloud\\firestore\\build\\src\\reference\\aggregate-query.js:83:37)"}}
[info] >      at C:\Users\PLOTAGEM01\desenhar\functions\node_modules\@google-cloud\firestore\build\src\reference\aggregate-query.js:69:43 {"user":"    at C:\\Users\\PLOTAGEM01\\desenhar\\functions\\node_modules\\@google-cloud\\firestore\\build\\src\\reference\\aggregate-query.js:69:43","metadata":{"emulator":{"name":"functions"},"function":{"name":"southamerica-east1-controlePedidosApi"},"extension":{},"message":"\u001b[90m> \u001b[39m     at C:\\Users\\PLOTAGEM01\\desenhar\\functions\\node_modules\\@google-cloud\\firestore\\build\\src\\reference\\aggregate-query.js:69:43"}}
[info] >      at C:\Users\PLOTAGEM01\desenhar\functions\node_modules\@google-cloud\firestore\build\src\telemetry\enabled-trace-util.js:110:30 {"user":"    at C:\\Users\\PLOTAGEM01\\desenhar\\functions\\node_modules\\@google-cloud\\firestore\\build\\src\\telemetry\\enabled-trace-util.js:110:30","metadata":{"emulator":{"name":"functions"},"function":{"name":"southamerica-east1-controlePedidosApi"},"extension":{},"message":"\u001b[90m> \u001b[39m     at C:\\Users\\PLOTAGEM01\\desenhar\\functions\\node_modules\\@google-cloud\\firestore\\build\\src\\telemetry\\enabled-trace-util.js:110:30"}}
[info] >      at NoopContextManager.with (C:\Users\PLOTAGEM01\desenhar\functions\node_modules\@opentelemetry\api\build\src\context\NoopContextManager.js:25:19) {"user":"    at NoopContextManager.with (C:\\Users\\PLOTAGEM01\\desenhar\\functions\\node_modules\\@opentelemetry\\api\\build\\src\\context\\NoopContextManager.js:25:19)","metadata":{"emulator":{"name":"functions"},"function":{"name":"southamerica-east1-controlePedidosApi"},"extension":{},"message":"\u001b[90m> \u001b[39m     at NoopContextManager.with (C:\\Users\\PLOTAGEM01\\desenhar\\functions\\node_modules\\@opentelemetry\\api\\build\\src\\context\\NoopContextManager.js:25:19)"}}
[info] >      at ContextAPI.with (C:\Users\PLOTAGEM01\desenhar\functions\node_modules\@opentelemetry\api\build\src\api\context.js:60:46) {"user":"    at ContextAPI.with (C:\\Users\\PLOTAGEM01\\desenhar\\functions\\node_modules\\@opentelemetry\\api\\build\\src\\api\\context.js:60:46)","metadata":{"emulator":{"name":"functions"},"function":{"name":"southamerica-east1-controlePedidosApi"},"extension":{},"message":"\u001b[90m> \u001b[39m     at ContextAPI.with (C:\\Users\\PLOTAGEM01\\desenhar\\functions\\node_modules\\@opentelemetry\\api\\build\\src\\api\\context.js:60:46)"}}
[info] >      at NoopTracer.startActiveSpan (C:\Users\PLOTAGEM01\desenhar\functions\node_modules\@opentelemetry\api\build\src\trace\NoopTracer.js:65:31) {"user":"    at NoopTracer.startActiveSpan (C:\\Users\\PLOTAGEM01\\desenhar\\functions\\node_modules\\@opentelemetry\\api\\build\\src\\trace\\NoopTracer.js:65:31)","metadata":{"emulator":{"name":"functions"},"function":{"name":"southamerica-east1-controlePedidosApi"},"extension":{},"message":"\u001b[90m> \u001b[39m     at NoopTracer.startActiveSpan (C:\\Users\\PLOTAGEM01\\desenhar\\functions\\node_modules\\@opentelemetry\\api\\build\\src\\trace\\NoopTracer.js:65:31)"}}
[info] >      at ProxyTracer.startActiveSpan (C:\Users\PLOTAGEM01\desenhar\functions\node_modules\@opentelemetry\api\build\src\trace\ProxyTracer.js:36:24) {"user":"    at ProxyTracer.startActiveSpan (C:\\Users\\PLOTAGEM01\\desenhar\\functions\\node_modules\\@opentelemetry\\api\\build\\src\\trace\\ProxyTracer.js:36:24)","metadata":{"emulator":{"name":"functions"},"function":{"name":"southamerica-east1-controlePedidosApi"},"extension":{},"message":"\u001b[90m> \u001b[39m     at ProxyTracer.startActiveSpan (C:\\Users\\PLOTAGEM01\\desenhar\\functions\\node_modules\\@opentelemetry\\api\\build\\src\\trace\\ProxyTracer.js:36:24)"}}
[info] >      at EnabledTraceUtil.startActiveSpan (C:\Users\PLOTAGEM01\desenhar\functions\node_modules\@google-cloud\firestore\build\src\telemetry\enabled-trace-util.js:102:28) {"user":"    at EnabledTraceUtil.startActiveSpan (C:\\Users\\PLOTAGEM01\\desenhar\\functions\\node_modules\\@google-cloud\\firestore\\build\\src\\telemetry\\enabled-trace-util.js:102:28)","metadata":{"emulator":{"name":"functions"},"function":{"name":"southamerica-east1-controlePedidosApi"},"extension":{},"message":"\u001b[90m> \u001b[39m     at EnabledTraceUtil.startActiveSpan (C:\\Users\\PLOTAGEM01\\desenhar\\functions\\node_modules\\@google-cloud\\firestore\\build\\src\\telemetry\\enabled-trace-util.js:102:28)"}}
[info] >      at AggregateQuery.get (C:\Users\PLOTAGEM01\desenhar\functions\node_modules\@google-cloud\firestore\build\src\reference\aggregate-query.js:68:50) { {"user":"    at AggregateQuery.get (C:\\Users\\PLOTAGEM01\\desenhar\\functions\\node_modules\\@google-cloud\\firestore\\build\\src\\reference\\aggregate-query.js:68:50) {","metadata":{"emulator":{"name":"functions"},"function":{"name":"southamerica-east1-controlePedidosApi"},"extension":{},"message":"\u001b[90m> \u001b[39m     at AggregateQuery.get (C:\\Users\\PLOTAGEM01\\desenhar\\functions\\node_modules\\@google-cloud\\firestore\\build\\src\\reference\\aggregate-query.js:68:50) {"}}
[info] >    code: 9, {"user":"  code: 9,","metadata":{"emulator":{"name":"functions"},"function":{"name":"southamerica-east1-controlePedidosApi"},"extension":{},"message":"\u001b[90m> \u001b[39m   code: 9,"}}
[info] >    details: 'The query requires an index. You can create it here: https://console.firebase.google.com/v1/r/project/gestaopedidos-desenhar/firestore/indexes?create_composite=ClZwcm9qZWN0cy9nZXN0YW9wZWRpZG9zLWRlc2VuaGFyL2RhdGFiYXNlcy8oZGVmYXVsdCkvY29sbGVjdGlvbkdyb3Vwcy9wZWRpZG9zL2luZGV4ZXMvXxABGhAKDG51bWVyb1BlZGlkbxABGg8KC3N0YXR1c0F0dWFsEAEaDAoIX19uYW1lX18QAQ', {"user":"  details: 'The query requires an index. You can create it here: https://console.firebase.google.com/v1/r/project/gestaopedidos-desenhar/firestore/indexes?create_composite=ClZwcm9qZWN0cy9nZXN0YW9wZWRpZG9zLWRlc2VuaGFyL2RhdGFiYXNlcy8oZGVmYXVsdCkvY29sbGVjdGlvbkdyb3Vwcy9wZWRpZG9zL2luZGV4ZXMvXxABGhAKDG51bWVyb1BlZGlkbxABGg8KC3N0YXR1c0F0dWFsEAEaDAoIX19uYW1lX18QAQ',","metadata":{"emulator":{"name":"functions"},"function":{"name":"southamerica-east1-controlePedidosApi"},"extension":{},"message":"\u001b[90m> \u001b[39m   details: 'The query requires an index. You can create it here: https://console.firebase.google.com/v1/r/project/gestaopedidos-desenhar/firestore/indexes?create_composite=ClZwcm9qZWN0cy9nZXN0YW9wZWRpZG9zLWRlc2VuaGFyL2RhdGFiYXNlcy8oZGVmYXVsdCkvY29sbGVjdGlvbkdyb3Vwcy9wZWRpZG9zL2luZGV4ZXMvXxABGhAKDG51bWVyb1BlZGlkbxABGg8KC3N0YXR1c0F0dWFsEAEaDAoIX19uYW1lX18QAQ',"}}
[info] >    metadata: Metadata { {"user":"  metadata: Metadata {","metadata":{"emulator":{"name":"functions"},"function":{"name":"southamerica-east1-controlePedidosApi"},"extension":{},"message":"\u001b[90m> \u001b[39m   metadata: Metadata {"}}
[info] >      internalRepr: Map(1) { 'x-debug-tracking-id' => [Array] }, {"user":"    internalRepr: Map(1) { 'x-debug-tracking-id' => [Array] },","metadata":{"emulator":{"name":"functions"},"function":{"name":"southamerica-east1-controlePedidosApi"},"extension":{},"message":"\u001b[90m> \u001b[39m     internalRepr: Map(1) { 'x-debug-tracking-id' => [Array] },"}}
[info] >      options: {} {"user":"    options: {}","metadata":{"emulator":{"name":"functions"},"function":{"name":"southamerica-east1-controlePedidosApi"},"extension":{},"message":"\u001b[90m> \u001b[39m     options: {}"}}
[info] >    } {"user":"  }","metadata":{"emulator":{"name":"functions"},"function":{"name":"southamerica-east1-controlePedidosApi"},"extension":{},"message":"\u001b[90m> \u001b[39m   }"}}
[info] >  } {"user":"}","metadata":{"emulator":{"name":"functions"},"function":{"name":"southamerica-east1-controlePedidosApi"},"extension":{},"message":"\u001b[90m> \u001b[39m }"}}
[debug] [2025-10-10T18:24:24.243Z] Finishing up request with event=pause {"metadata":{"emulator":{"name":"functions"},"function":{"name":"southamerica-east1-controlePedidosApi"},"extension":{},"message":"Finishing up request with event=pause"}}
[info] i  functions: Finished "southamerica-east1-controlePedidosApi" in 229.19ms {"metadata":{"emulator":{"name":"functions"},"function":{"name":"southamerica-east1-controlePedidosApi"},"extension":{},"message":"Finished \"southamerica-east1-controlePedidosApi\" in 229.19ms"}}
[debug] [2025-10-10T18:24:24.248Z] [worker-southamerica-east1-controlePedidosApi-c48350f6-c28f-491e-a5b6-2b81747d9a01]: IDLE {"metadata":{"emulator":{"name":"functions"},"function":{"name":"southamerica-east1-controlePedidosApi"},"extension":{},"message":"[worker-southamerica-east1-controlePedidosApi-c48350f6-c28f-491e-a5b6-2b81747d9a01]: IDLE"}}
[debug] [2025-10-10T18:24:24.248Z] Finishing up request with event=finish {"metadata":{"emulator":{"name":"functions"},"function":{"name":"southamerica-east1-controlePedidosApi"},"extension":{},"message":"Finishing up request with event=finish"}}
[debug] [2025-10-10T18:24:24.248Z] Finishing up request with event=close {"metadata":{"emulator":{"name":"functions"},"function":{"name":"southamerica-east1-controlePedidosApi"},"extension":{},"message":"Finishing up request with event=close"}}
[debug] [2025-10-10T18:24:24.248Z] [work-queue] {"queuedWork":[],"queueLength":0,"runningWork":[],"workRunningCount":0}
[debug] [2025-10-10T18:25:28.346Z] File C:\Users\PLOTAGEM01\desenhar\functions\package-lock.json changed, reloading triggers {"metadata":{"emulator":{"name":"functions"},"message":"File C:\\Users\\PLOTAGEM01\\desenhar\\functions\\package-lock.json changed, reloading triggers"}}
[debug] [2025-10-10T18:25:28.436Z] File C:\Users\PLOTAGEM01\desenhar\functions\package-lock.json changed, reloading triggers {"metadata":{"emulator":{"name":"functions"},"message":"File C:\\Users\\PLOTAGEM01\\desenhar\\functions\\package-lock.json changed, reloading triggers"}}
[debug] [2025-10-10T18:25:29.481Z] Validating nodejs source
[warn] !  functions: package.json indicates an outdated version of firebase-functions. Please upgrade using npm install --save firebase-functions@latest in your functions directory. 
[debug] [2025-10-10T18:25:32.862Z] > [functions] package.json contents: {
  "name": "functions",
  "scripts": {
    "lint": "eslint .",
    "build": "tsc",
    "build:watch": "tsc --watch",
    "serve": "npm run build && firebase emulators:start --only functions",
    "shell": "npm run build && firebase functions:shell",
    "start": "npm run shell",
    "deploy": "firebase deploy --only functions",
    "logs": "firebase functions:log"
  },
  "engines": {
    "node": "20"
  },
  "main": "lib/index.js",
  "dependencies": {
    "axios": "^1.12.2",
    "express": "^4.18.2",
    "firebase-admin": "^12.6.0",
    "firebase-functions": "^6.4.0"
  },
  "devDependencies": {
    "@ljharb/tsconfig": "^0.3.2",
    "@typescript-eslint/eslint-plugin": "^5.12.0",
    "@typescript-eslint/parser": "^5.12.0",
    "eslint": "^8.9.0",
    "eslint-config-google": "^0.14.0",
    "eslint-plugin-import": "^2.25.4",
    "firebase-functions-test": "^3.1.0",
    "typescript": "^5.7.3"
  },
  "private": true
}
[debug] [2025-10-10T18:25:32.862Z] Building nodejs source
[debug] [2025-10-10T18:25:32.862Z] Failed to find version of module node: reached end of search path C:\Users\PLOTAGEM01\desenhar\functions\node_modules
[warn] !  functions: Your requested "node" version "20" doesn't match your global version "22". Using node@22 from host. 
[info] i  functions: Loaded environment variables from .env. 
[debug] [2025-10-10T18:25:32.866Z] Could not find functions.yaml. Must use http discovery
[debug] [2025-10-10T18:25:32.877Z] Found firebase-functions binary at 'C:\Users\PLOTAGEM01\desenhar\functions\node_modules\.bin\firebase-functions'
[info] Serving at port 8572

[debug] [2025-10-10T18:25:34.287Z] Got response from /__/functions.yaml {"endpoints":{"atendimentoApi":{"availableMemoryMb":null,"timeoutSeconds":null,"minInstances":null,"maxInstances":null,"ingressSettings":null,"concurrency":null,"serviceAccountEmail":null,"vpc":null,"platform":"gcfv2","region":["southamerica-east1"],"labels":{},"httpsTrigger":{},"entryPoint":"atendimentoApi"},"controlePedidosApi":{"availableMemoryMb":null,"timeoutSeconds":null,"minInstances":null,"maxInstances":null,"ingressSettings":null,"concurrency":null,"serviceAccountEmail":null,"vpc":null,"platform":"gcfv2","region":["southamerica-east1"],"labels":{},"httpsTrigger":{},"entryPoint":"controlePedidosApi"}},"specVersion":"v1alpha1","requiredAPIs":[],"extensions":{}}
[info] +  functions: Loaded functions definitions from source: atendimentoApi, controlePedidosApi. {"metadata":{"emulator":{"name":"functions"},"message":"Loaded functions definitions from source: atendimentoApi, controlePedidosApi."}}
[debug] [2025-10-10T18:25:38.658Z] [worker-pool] Shutting down IDLE worker (southamerica-east1-controlePedidosApi) {"metadata":{"emulator":{"name":"functions"},"message":"[worker-pool] Shutting down IDLE worker (southamerica-east1-controlePedidosApi)"}}
[debug] [2025-10-10T18:25:38.658Z] [worker-southamerica-east1-controlePedidosApi-c48350f6-c28f-491e-a5b6-2b81747d9a01]: FINISHING {"metadata":{"emulator":{"name":"functions"},"function":{"name":"southamerica-east1-controlePedidosApi"},"extension":{},"message":"[worker-southamerica-east1-controlePedidosApi-c48350f6-c28f-491e-a5b6-2b81747d9a01]: FINISHING"}}
[debug] [2025-10-10T18:25:38.659Z] [worker-pool] Shutting down IDLE worker (southamerica-east1-controlePedidosApi) {"metadata":{"emulator":{"name":"functions"},"message":"[worker-pool] Shutting down IDLE worker (southamerica-east1-controlePedidosApi)"}}
[debug] [2025-10-10T18:25:38.659Z] [worker-southamerica-east1-controlePedidosApi-c858ca91-bae1-4792-88bc-af79b7db30ee]: FINISHING {"metadata":{"emulator":{"name":"functions"},"function":{"name":"southamerica-east1-controlePedidosApi"},"extension":{},"message":"[worker-southamerica-east1-controlePedidosApi-c858ca91-bae1-4792-88bc-af79b7db30ee]: FINISHING"}}
[debug] [2025-10-10T18:25:38.676Z] [worker-southamerica-east1-controlePedidosApi-c858ca91-bae1-4792-88bc-af79b7db30ee]: exited {"metadata":{"emulator":{"name":"functions"},"function":{"name":"southamerica-east1-controlePedidosApi"},"extension":{},"message":"[worker-southamerica-east1-controlePedidosApi-c858ca91-bae1-4792-88bc-af79b7db30ee]: exited"}}
[debug] [2025-10-10T18:25:38.676Z] [worker-southamerica-east1-controlePedidosApi-c858ca91-bae1-4792-88bc-af79b7db30ee]: FINISHED {"metadata":{"emulator":{"name":"functions"},"function":{"name":"southamerica-east1-controlePedidosApi"},"extension":{},"message":"[worker-southamerica-east1-controlePedidosApi-c858ca91-bae1-4792-88bc-af79b7db30ee]: FINISHED"}}
[debug] [2025-10-10T18:25:38.677Z] [worker-southamerica-east1-controlePedidosApi-c48350f6-c28f-491e-a5b6-2b81747d9a01]: exited {"metadata":{"emulator":{"name":"functions"},"function":{"name":"southamerica-east1-controlePedidosApi"},"extension":{},"message":"[worker-southamerica-east1-controlePedidosApi-c48350f6-c28f-491e-a5b6-2b81747d9a01]: exited"}}
[debug] [2025-10-10T18:25:38.678Z] [worker-southamerica-east1-controlePedidosApi-c48350f6-c28f-491e-a5b6-2b81747d9a01]: FINISHED {"metadata":{"emulator":{"name":"functions"},"function":{"name":"southamerica-east1-controlePedidosApi"},"extension":{},"message":"[worker-southamerica-east1-controlePedidosApi-c48350f6-c28f-491e-a5b6-2b81747d9a01]: FINISHED"}}
[debug] [2025-10-10T18:30:12.599Z] File C:\Users\PLOTAGEM01\desenhar\functions\package-lock.json changed, reloading triggers {"metadata":{"emulator":{"name":"functions"},"message":"File C:\\Users\\PLOTAGEM01\\desenhar\\functions\\package-lock.json changed, reloading triggers"}}
[debug] [2025-10-10T18:30:12.661Z] File C:\Users\PLOTAGEM01\desenhar\functions\package-lock.json changed, reloading triggers {"metadata":{"emulator":{"name":"functions"},"message":"File C:\\Users\\PLOTAGEM01\\desenhar\\functions\\package-lock.json changed, reloading triggers"}}
[debug] [2025-10-10T18:30:13.685Z] Validating nodejs source
[warn] !  functions: package.json indicates an outdated version of firebase-functions. Please upgrade using npm install --save firebase-functions@latest in your functions directory. 
[debug] [2025-10-10T18:30:15.312Z] > [functions] package.json contents: {
  "name": "functions",
  "scripts": {
    "lint": "eslint .",
    "build": "tsc",
    "build:watch": "tsc --watch",
    "serve": "npm run build && firebase emulators:start --only functions",
    "shell": "npm run build && firebase functions:shell",
    "start": "npm run shell",
    "deploy": "firebase deploy --only functions",
    "logs": "firebase functions:log"
  },
  "engines": {
    "node": "20"
  },
  "main": "lib/index.js",
  "dependencies": {
    "axios": "^1.12.2",
    "express": "^4.18.2",
    "firebase-admin": "^12.6.0",
    "firebase-functions": "^6.4.0"
  },
  "devDependencies": {
    "@ljharb/tsconfig": "^0.3.2",
    "@typescript-eslint/eslint-plugin": "^5.12.0",
    "@typescript-eslint/parser": "^5.12.0",
    "eslint": "^8.9.0",
    "eslint-config-google": "^0.14.0",
    "eslint-plugin-import": "^2.25.4",
    "firebase-functions-test": "^3.1.0",
    "typescript": "^5.7.3"
  },
  "private": true
}
[debug] [2025-10-10T18:30:15.313Z] Building nodejs source
[debug] [2025-10-10T18:30:15.313Z] Failed to find version of module node: reached end of search path C:\Users\PLOTAGEM01\desenhar\functions\node_modules
[warn] !  functions: Your requested "node" version "20" doesn't match your global version "22". Using node@22 from host. 
[info] i  functions: Loaded environment variables from .env. 
[debug] [2025-10-10T18:30:15.315Z] Could not find functions.yaml. Must use http discovery
[debug] [2025-10-10T18:30:15.325Z] Found firebase-functions binary at 'C:\Users\PLOTAGEM01\desenhar\functions\node_modules\.bin\firebase-functions'
[info] Serving at port 8314

[debug] [2025-10-10T18:30:17.023Z] Got response from /__/functions.yaml {"endpoints":{"atendimentoApi":{"availableMemoryMb":null,"timeoutSeconds":null,"minInstances":null,"maxInstances":null,"ingressSettings":null,"concurrency":null,"serviceAccountEmail":null,"vpc":null,"platform":"gcfv2","region":["southamerica-east1"],"labels":{},"httpsTrigger":{},"entryPoint":"atendimentoApi"},"controlePedidosApi":{"availableMemoryMb":null,"timeoutSeconds":null,"minInstances":null,"maxInstances":null,"ingressSettings":null,"concurrency":null,"serviceAccountEmail":null,"vpc":null,"platform":"gcfv2","region":["southamerica-east1"],"labels":{},"httpsTrigger":{},"entryPoint":"controlePedidosApi"}},"specVersion":"v1alpha1","requiredAPIs":[],"extensions":{}}
[info] +  functions: Loaded functions definitions from source: atendimentoApi, controlePedidosApi. {"metadata":{"emulator":{"name":"functions"},"message":"Loaded functions definitions from source: atendimentoApi, controlePedidosApi."}}
[debug] [2025-10-10T18:33:40.872Z] [work-queue] {"queuedWork":["/gestaopedidos-desenhar/southamerica-east1/controlePedidosApi/dashboard/buscarPedidos-2025-10-10T18:33:40.872Z"],"queueLength":1,"runningWork":[],"workRunningCount":0}
[debug] [2025-10-10T18:33:40.872Z] [work-queue] {"queuedWork":[],"queueLength":0,"runningWork":["/gestaopedidos-desenhar/southamerica-east1/controlePedidosApi/dashboard/buscarPedidos-2025-10-10T18:33:40.872Z"],"workRunningCount":1}
[debug] [2025-10-10T18:33:40.872Z] Accepted request OPTIONS /gestaopedidos-desenhar/southamerica-east1/controlePedidosApi/dashboard/buscarPedidos?filtroTipo=&filtroSubTipo=&filtroStatus=&filtroResponsavelUid=&filtroAtrasados=&porPagina=10&filtroCliente=&filtroRequerArte=&filtroRequerGalpao= --> southamerica-east1-controlePedidosApi
[debug] [2025-10-10T18:33:40.876Z] [functions] Runtime ready! Sending request! {"metadata":{"emulator":{"name":"functions"},"message":"[functions] Runtime ready! Sending request!"}}
[debug] [2025-10-10T18:33:40.876Z] [functions] Got req.url=/gestaopedidos-desenhar/southamerica-east1/controlePedidosApi/dashboard/buscarPedidos?filtroTipo=&filtroSubTipo=&filtroStatus=&filtroResponsavelUid=&filtroAtrasados=&porPagina=10&filtroCliente=&filtroRequerArte=&filtroRequerGalpao=, mapping to path=/dashboard/buscarPedidos?filtroTipo=&filtroSubTipo=&filtroStatus=&filtroResponsavelUid=&filtroAtrasados=&porPagina=10&filtroCliente=&filtroRequerArte=&filtroRequerGalpao= {"metadata":{"emulator":{"name":"functions"},"message":"[functions] Got req.url=/gestaopedidos-desenhar/southamerica-east1/controlePedidosApi/dashboard/buscarPedidos?filtroTipo=&filtroSubTipo=&filtroStatus=&filtroResponsavelUid=&filtroAtrasados=&porPagina=10&filtroCliente=&filtroRequerArte=&filtroRequerGalpao=, mapping to path=/dashboard/buscarPedidos?filtroTipo=&filtroSubTipo=&filtroStatus=&filtroResponsavelUid=&filtroAtrasados=&porPagina=10&filtroCliente=&filtroRequerArte=&filtroRequerGalpao="}}
[debug] [2025-10-10T18:33:40.876Z] [worker-pool] Cleaned up workers for southamerica-east1-controlePedidosApi: 2 --> 0 {"metadata":{"emulator":{"name":"functions"},"message":"[worker-pool] Cleaned up workers for southamerica-east1-controlePedidosApi: 2 --> 0"}}
[info] i  functions: Loaded environment variables from .env. 
[debug] [2025-10-10T18:33:40.885Z] [worker-pool] addWorker(southamerica-east1-controlePedidosApi) {"metadata":{"emulator":{"name":"functions"},"message":"[worker-pool] addWorker(southamerica-east1-controlePedidosApi)"}}
[debug] [2025-10-10T18:33:40.885Z] [worker-pool] Adding worker with key southamerica-east1-controlePedidosApi, total=1 {"metadata":{"emulator":{"name":"functions"},"message":"[worker-pool] Adding worker with key southamerica-east1-controlePedidosApi, total=1"}}
[debug] [2025-10-10T18:33:42.659Z] [runtime-status] [9808] Resolved module firebase-admin {"declared":true,"installed":true,"version":"12.7.0","resolution":"C:\\Users\\PLOTAGEM01\\desenhar\\functions\\node_modules\\firebase-admin\\lib\\index.js"} {"metadata":{"emulator":{"name":"functions"},"function":{"name":"southamerica-east1-controlePedidosApi"},"extension":{},"message":"[runtime-status] [9808] Resolved module firebase-admin {\"declared\":true,\"installed\":true,\"version\":\"12.7.0\",\"resolution\":\"C:\\\\Users\\\\PLOTAGEM01\\\\desenhar\\\\functions\\\\node_modules\\\\firebase-admin\\\\lib\\\\index.js\"}"}}
[debug] [2025-10-10T18:33:42.662Z] [runtime-status] [9808] Resolved module firebase-functions {"declared":true,"installed":true,"version":"6.4.0","resolution":"C:\\Users\\PLOTAGEM01\\desenhar\\functions\\node_modules\\firebase-functions\\lib\\v2\\index.js"} {"metadata":{"emulator":{"name":"functions"},"function":{"name":"southamerica-east1-controlePedidosApi"},"extension":{},"message":"[runtime-status] [9808] Resolved module firebase-functions {\"declared\":true,\"installed\":true,\"version\":\"6.4.0\",\"resolution\":\"C:\\\\Users\\\\PLOTAGEM01\\\\desenhar\\\\functions\\\\node_modules\\\\firebase-functions\\\\lib\\\\v2\\\\index.js\"}"}}
[debug] [2025-10-10T18:33:42.662Z] [runtime-status] [9808] Outgoing network have been stubbed. [{"name":"http","status":"mocked"},{"name":"http","status":"mocked"},{"name":"https","status":"mocked"},{"name":"https","status":"mocked"},{"name":"net","status":"mocked"}] {"metadata":{"emulator":{"name":"functions"},"function":{"name":"southamerica-east1-controlePedidosApi"},"extension":{},"message":"[runtime-status] [9808] Outgoing network have been stubbed. [{\"name\":\"http\",\"status\":\"mocked\"},{\"name\":\"http\",\"status\":\"mocked\"},{\"name\":\"https\",\"status\":\"mocked\"},{\"name\":\"https\",\"status\":\"mocked\"},{\"name\":\"net\",\"status\":\"mocked\"}]"}}
[debug] [2025-10-10T18:33:42.663Z] [runtime-status] [9808] Resolved module firebase-functions {"declared":true,"installed":true,"version":"6.4.0","resolution":"C:\\Users\\PLOTAGEM01\\desenhar\\functions\\node_modules\\firebase-functions\\lib\\v2\\index.js"} {"metadata":{"emulator":{"name":"functions"},"function":{"name":"southamerica-east1-controlePedidosApi"},"extension":{},"message":"[runtime-status] [9808] Resolved module firebase-functions {\"declared\":true,\"installed\":true,\"version\":\"6.4.0\",\"resolution\":\"C:\\\\Users\\\\PLOTAGEM01\\\\desenhar\\\\functions\\\\node_modules\\\\firebase-functions\\\\lib\\\\v2\\\\index.js\"}"}}
[debug] [2025-10-10T18:33:43.282Z] [runtime-status] [9808] Checked functions.config() {"config":{}} {"metadata":{"emulator":{"name":"functions"},"function":{"name":"southamerica-east1-controlePedidosApi"},"extension":{},"message":"[runtime-status] [9808] Checked functions.config() {\"config\":{}}"}}
[debug] [2025-10-10T18:33:43.282Z] [runtime-status] [9808] firebase-functions has been stubbed. {"functionsResolution":{"declared":true,"installed":true,"version":"6.4.0","resolution":"C:\\Users\\PLOTAGEM01\\desenhar\\functions\\node_modules\\firebase-functions\\lib\\v2\\index.js"}} {"metadata":{"emulator":{"name":"functions"},"function":{"name":"southamerica-east1-controlePedidosApi"},"extension":{},"message":"[runtime-status] [9808] firebase-functions has been stubbed. {\"functionsResolution\":{\"declared\":true,\"installed\":true,\"version\":\"6.4.0\",\"resolution\":\"C:\\\\Users\\\\PLOTAGEM01\\\\desenhar\\\\functions\\\\node_modules\\\\firebase-functions\\\\lib\\\\v2\\\\index.js\"}}"}}
[debug] [2025-10-10T18:33:43.283Z] [runtime-status] [9808] Resolved module firebase-functions {"declared":true,"installed":true,"version":"6.4.0","resolution":"C:\\Users\\PLOTAGEM01\\desenhar\\functions\\node_modules\\firebase-functions\\lib\\v2\\index.js"} {"metadata":{"emulator":{"name":"functions"},"function":{"name":"southamerica-east1-controlePedidosApi"},"extension":{},"message":"[runtime-status] [9808] Resolved module firebase-functions {\"declared\":true,\"installed\":true,\"version\":\"6.4.0\",\"resolution\":\"C:\\\\Users\\\\PLOTAGEM01\\\\desenhar\\\\functions\\\\node_modules\\\\firebase-functions\\\\lib\\\\v2\\\\index.js\"}"}}
[debug] [2025-10-10T18:33:43.291Z] [runtime-status] [9808] Resolved module firebase-admin {"declared":true,"installed":true,"version":"12.7.0","resolution":"C:\\Users\\PLOTAGEM01\\desenhar\\functions\\node_modules\\firebase-admin\\lib\\index.js"} {"metadata":{"emulator":{"name":"functions"},"function":{"name":"southamerica-east1-controlePedidosApi"},"extension":{},"message":"[runtime-status] [9808] Resolved module firebase-admin {\"declared\":true,\"installed\":true,\"version\":\"12.7.0\",\"resolution\":\"C:\\\\Users\\\\PLOTAGEM01\\\\desenhar\\\\functions\\\\node_modules\\\\firebase-admin\\\\lib\\\\index.js\"}"}}
[debug] [2025-10-10T18:33:43.295Z] [runtime-status] [9808] Resolved module firebase-functions {"declared":true,"installed":true,"version":"6.4.0","resolution":"C:\\Users\\PLOTAGEM01\\desenhar\\functions\\node_modules\\firebase-functions\\lib\\v2\\index.js"} {"metadata":{"emulator":{"name":"functions"},"function":{"name":"southamerica-east1-controlePedidosApi"},"extension":{},"message":"[runtime-status] [9808] Resolved module firebase-functions {\"declared\":true,\"installed\":true,\"version\":\"6.4.0\",\"resolution\":\"C:\\\\Users\\\\PLOTAGEM01\\\\desenhar\\\\functions\\\\node_modules\\\\firebase-functions\\\\lib\\\\v2\\\\index.js\"}"}}
[debug] [2025-10-10T18:33:43.295Z] [runtime-status] [9808] firebase-admin has been stubbed. {"adminResolution":{"declared":true,"installed":true,"version":"12.7.0","resolution":"C:\\Users\\PLOTAGEM01\\desenhar\\functions\\node_modules\\firebase-admin\\lib\\index.js"}} {"metadata":{"emulator":{"name":"functions"},"function":{"name":"southamerica-east1-controlePedidosApi"},"extension":{},"message":"[runtime-status] [9808] firebase-admin has been stubbed. {\"adminResolution\":{\"declared\":true,\"installed\":true,\"version\":\"12.7.0\",\"resolution\":\"C:\\\\Users\\\\PLOTAGEM01\\\\desenhar\\\\functions\\\\node_modules\\\\firebase-admin\\\\lib\\\\index.js\"}}"}}
[debug] [2025-10-10T18:33:43.299Z] [runtime-status] [9808] initializeApp(DEFAULT) {"storageBucket":"gestaopedidos-desenhar.firebasestorage.app","projectId":"gestaopedidos-desenhar"} {"metadata":{"emulator":{"name":"functions"},"function":{"name":"southamerica-east1-controlePedidosApi"},"extension":{},"message":"[runtime-status] [9808] initializeApp(DEFAULT) {\"storageBucket\":\"gestaopedidos-desenhar.firebasestorage.app\",\"projectId\":\"gestaopedidos-desenhar\"}"}}
[debug] [2025-10-10T18:33:43.545Z] [runtime-status] [9808] Functions runtime initialized. {"cwd":"C:\\Users\\PLOTAGEM01\\desenhar\\functions","node_version":"22.14.0"} {"metadata":{"emulator":{"name":"functions"},"function":{"name":"southamerica-east1-controlePedidosApi"},"extension":{},"message":"[runtime-status] [9808] Functions runtime initialized. {\"cwd\":\"C:\\\\Users\\\\PLOTAGEM01\\\\desenhar\\\\functions\",\"node_version\":\"22.14.0\"}"}}
[debug] [2025-10-10T18:33:43.545Z] [runtime-status] [9808] Listening to port: \\?\pipe\fire_emu_989aff8b3b356f4a {"metadata":{"emulator":{"name":"functions"},"function":{"name":"southamerica-east1-controlePedidosApi"},"extension":{},"message":"[runtime-status] [9808] Listening to port: \\\\?\\pipe\\fire_emu_989aff8b3b356f4a"}}
[debug] [2025-10-10T18:33:43.620Z] [worker-southamerica-east1-controlePedidosApi-ac35cf45-b820-4962-9dad-83f7e6b871f9]: IDLE {"metadata":{"emulator":{"name":"functions"},"function":{"name":"southamerica-east1-controlePedidosApi"},"extension":{},"message":"[worker-southamerica-east1-controlePedidosApi-ac35cf45-b820-4962-9dad-83f7e6b871f9]: IDLE"}}
[debug] [2025-10-10T18:33:43.620Z] [worker-pool] submitRequest(triggerId=southamerica-east1-controlePedidosApi) {"metadata":{"emulator":{"name":"functions"},"message":"[worker-pool] submitRequest(triggerId=southamerica-east1-controlePedidosApi)"}}
[info] i  functions: Beginning execution of "southamerica-east1-controlePedidosApi" {"metadata":{"emulator":{"name":"functions"},"function":{"name":"southamerica-east1-controlePedidosApi"},"extension":{},"message":"Beginning execution of \"southamerica-east1-controlePedidosApi\""}}
[debug] [2025-10-10T18:33:43.622Z] [worker-southamerica-east1-controlePedidosApi-ac35cf45-b820-4962-9dad-83f7e6b871f9]: BUSY {"metadata":{"emulator":{"name":"functions"},"function":{"name":"southamerica-east1-controlePedidosApi"},"extension":{},"message":"[worker-southamerica-east1-controlePedidosApi-ac35cf45-b820-4962-9dad-83f7e6b871f9]: BUSY"}}
[debug] [2025-10-10T18:33:43.628Z] Finishing up request with event=pause {"metadata":{"emulator":{"name":"functions"},"function":{"name":"southamerica-east1-controlePedidosApi"},"extension":{},"message":"Finishing up request with event=pause"}}
[info] i  functions: Finished "southamerica-east1-controlePedidosApi" in 6.5891ms {"metadata":{"emulator":{"name":"functions"},"function":{"name":"southamerica-east1-controlePedidosApi"},"extension":{},"message":"Finished \"southamerica-east1-controlePedidosApi\" in 6.5891ms"}}
[debug] [2025-10-10T18:33:43.629Z] [worker-southamerica-east1-controlePedidosApi-ac35cf45-b820-4962-9dad-83f7e6b871f9]: IDLE {"metadata":{"emulator":{"name":"functions"},"function":{"name":"southamerica-east1-controlePedidosApi"},"extension":{},"message":"[worker-southamerica-east1-controlePedidosApi-ac35cf45-b820-4962-9dad-83f7e6b871f9]: IDLE"}}
[debug] [2025-10-10T18:33:43.629Z] Finishing up request with event=finish {"metadata":{"emulator":{"name":"functions"},"function":{"name":"southamerica-east1-controlePedidosApi"},"extension":{},"message":"Finishing up request with event=finish"}}
[debug] [2025-10-10T18:33:43.629Z] Finishing up request with event=close {"metadata":{"emulator":{"name":"functions"},"function":{"name":"southamerica-east1-controlePedidosApi"},"extension":{},"message":"Finishing up request with event=close"}}
[debug] [2025-10-10T18:33:43.629Z] [work-queue] {"queuedWork":[],"queueLength":0,"runningWork":[],"workRunningCount":0}
[debug] [2025-10-10T18:33:43.631Z] [work-queue] {"queuedWork":["/gestaopedidos-desenhar/southamerica-east1/controlePedidosApi/dashboard/buscarPedidos-2025-10-10T18:33:43.631Z"],"queueLength":1,"runningWork":[],"workRunningCount":0}
[debug] [2025-10-10T18:33:43.632Z] [work-queue] {"queuedWork":[],"queueLength":0,"runningWork":["/gestaopedidos-desenhar/southamerica-east1/controlePedidosApi/dashboard/buscarPedidos-2025-10-10T18:33:43.631Z"],"workRunningCount":1}
[debug] [2025-10-10T18:33:43.632Z] Accepted request GET /gestaopedidos-desenhar/southamerica-east1/controlePedidosApi/dashboard/buscarPedidos?filtroTipo=&filtroSubTipo=&filtroStatus=&filtroResponsavelUid=&filtroAtrasados=&porPagina=10&filtroCliente=&filtroRequerArte=&filtroRequerGalpao= --> southamerica-east1-controlePedidosApi
[debug] [2025-10-10T18:33:43.633Z] [functions] Runtime ready! Sending request! {"metadata":{"emulator":{"name":"functions"},"message":"[functions] Runtime ready! Sending request!"}}
[debug] [2025-10-10T18:33:43.633Z] [functions] Got req.url=/gestaopedidos-desenhar/southamerica-east1/controlePedidosApi/dashboard/buscarPedidos?filtroTipo=&filtroSubTipo=&filtroStatus=&filtroResponsavelUid=&filtroAtrasados=&porPagina=10&filtroCliente=&filtroRequerArte=&filtroRequerGalpao=, mapping to path=/dashboard/buscarPedidos?filtroTipo=&filtroSubTipo=&filtroStatus=&filtroResponsavelUid=&filtroAtrasados=&porPagina=10&filtroCliente=&filtroRequerArte=&filtroRequerGalpao= {"metadata":{"emulator":{"name":"functions"},"message":"[functions] Got req.url=/gestaopedidos-desenhar/southamerica-east1/controlePedidosApi/dashboard/buscarPedidos?filtroTipo=&filtroSubTipo=&filtroStatus=&filtroResponsavelUid=&filtroAtrasados=&porPagina=10&filtroCliente=&filtroRequerArte=&filtroRequerGalpao=, mapping to path=/dashboard/buscarPedidos?filtroTipo=&filtroSubTipo=&filtroStatus=&filtroResponsavelUid=&filtroAtrasados=&porPagina=10&filtroCliente=&filtroRequerArte=&filtroRequerGalpao="}}
[debug] [2025-10-10T18:33:43.633Z] [worker-pool] submitRequest(triggerId=southamerica-east1-controlePedidosApi) {"metadata":{"emulator":{"name":"functions"},"message":"[worker-pool] submitRequest(triggerId=southamerica-east1-controlePedidosApi)"}}
[info] i  functions: Beginning execution of "southamerica-east1-controlePedidosApi" {"metadata":{"emulator":{"name":"functions"},"function":{"name":"southamerica-east1-controlePedidosApi"},"extension":{},"message":"Beginning execution of \"southamerica-east1-controlePedidosApi\""}}
[debug] [2025-10-10T18:33:43.633Z] [worker-southamerica-east1-controlePedidosApi-ac35cf45-b820-4962-9dad-83f7e6b871f9]: BUSY {"metadata":{"emulator":{"name":"functions"},"function":{"name":"southamerica-east1-controlePedidosApi"},"extension":{},"message":"[worker-southamerica-east1-controlePedidosApi-ac35cf45-b820-4962-9dad-83f7e6b871f9]: BUSY"}}
[warn] !  Google API requested!
   - URL: "https://oauth2.googleapis.com/token"
   - Be careful, this may be a production service. {"metadata":{"emulator":{"name":"functions"},"function":{"name":"southamerica-east1-controlePedidosApi"},"extension":{},"message":"Google API requested!\n   - URL: \"https://oauth2.googleapis.com/token\"\n   - Be careful, this may be a production service."}}
[info] >  Contagem total de pedidos: 559 {"user":"Contagem total de pedidos: 559","metadata":{"emulator":{"name":"functions"},"function":{"name":"southamerica-east1-controlePedidosApi"},"extension":{},"message":"\u001b[90m> \u001b[39m Contagem total de pedidos: 559"}}
[debug] [2025-10-10T18:33:45.048Z] Finishing up request with event=pause {"metadata":{"emulator":{"name":"functions"},"function":{"name":"southamerica-east1-controlePedidosApi"},"extension":{},"message":"Finishing up request with event=pause"}}
[info] i  functions: Finished "southamerica-east1-controlePedidosApi" in 1414.5575ms {"metadata":{"emulator":{"name":"functions"},"function":{"name":"southamerica-east1-controlePedidosApi"},"extension":{},"message":"Finished \"southamerica-east1-controlePedidosApi\" in 1414.5575ms"}}
[debug] [2025-10-10T18:33:45.049Z] [worker-southamerica-east1-controlePedidosApi-ac35cf45-b820-4962-9dad-83f7e6b871f9]: IDLE {"metadata":{"emulator":{"name":"functions"},"function":{"name":"southamerica-east1-controlePedidosApi"},"extension":{},"message":"[worker-southamerica-east1-controlePedidosApi-ac35cf45-b820-4962-9dad-83f7e6b871f9]: IDLE"}}
[debug] [2025-10-10T18:33:45.049Z] Finishing up request with event=finish {"metadata":{"emulator":{"name":"functions"},"function":{"name":"southamerica-east1-controlePedidosApi"},"extension":{},"message":"Finishing up request with event=finish"}}
[debug] [2025-10-10T18:33:45.049Z] Finishing up request with event=close {"metadata":{"emulator":{"name":"functions"},"function":{"name":"southamerica-east1-controlePedidosApi"},"extension":{},"message":"Finishing up request with event=close"}}
[debug] [2025-10-10T18:33:45.049Z] [work-queue] {"queuedWork":[],"queueLength":0,"runningWork":[],"workRunningCount":0}
[debug] [2025-10-10T18:33:48.842Z] [work-queue] {"queuedWork":["/gestaopedidos-desenhar/southamerica-east1/controlePedidosApi/dashboard/buscarPedidos-2025-10-10T18:33:48.842Z"],"queueLength":1,"runningWork":[],"workRunningCount":0}
[debug] [2025-10-10T18:33:48.842Z] [work-queue] {"queuedWork":[],"queueLength":0,"runningWork":["/gestaopedidos-desenhar/southamerica-east1/controlePedidosApi/dashboard/buscarPedidos-2025-10-10T18:33:48.842Z"],"workRunningCount":1}
[debug] [2025-10-10T18:33:48.842Z] Accepted request OPTIONS /gestaopedidos-desenhar/southamerica-east1/controlePedidosApi/dashboard/buscarPedidos?filtroTipo=&filtroSubTipo=&filtroStatus=&filtroResponsavelUid=PM0yHZvyZqV3QNmO5P7eWlLmIa43&filtroAtrasados=&porPagina=10&filtroCliente=&filtroRequerArte=&filtroRequerGalpao= --> southamerica-east1-controlePedidosApi
[debug] [2025-10-10T18:33:48.844Z] [functions] Runtime ready! Sending request! {"metadata":{"emulator":{"name":"functions"},"message":"[functions] Runtime ready! Sending request!"}}
[debug] [2025-10-10T18:33:48.845Z] [functions] Got req.url=/gestaopedidos-desenhar/southamerica-east1/controlePedidosApi/dashboard/buscarPedidos?filtroTipo=&filtroSubTipo=&filtroStatus=&filtroResponsavelUid=PM0yHZvyZqV3QNmO5P7eWlLmIa43&filtroAtrasados=&porPagina=10&filtroCliente=&filtroRequerArte=&filtroRequerGalpao=, mapping to path=/dashboard/buscarPedidos?filtroTipo=&filtroSubTipo=&filtroStatus=&filtroResponsavelUid=PM0yHZvyZqV3QNmO5P7eWlLmIa43&filtroAtrasados=&porPagina=10&filtroCliente=&filtroRequerArte=&filtroRequerGalpao= {"metadata":{"emulator":{"name":"functions"},"message":"[functions] Got req.url=/gestaopedidos-desenhar/southamerica-east1/controlePedidosApi/dashboard/buscarPedidos?filtroTipo=&filtroSubTipo=&filtroStatus=&filtroResponsavelUid=PM0yHZvyZqV3QNmO5P7eWlLmIa43&filtroAtrasados=&porPagina=10&filtroCliente=&filtroRequerArte=&filtroRequerGalpao=, mapping to path=/dashboard/buscarPedidos?filtroTipo=&filtroSubTipo=&filtroStatus=&filtroResponsavelUid=PM0yHZvyZqV3QNmO5P7eWlLmIa43&filtroAtrasados=&porPagina=10&filtroCliente=&filtroRequerArte=&filtroRequerGalpao="}}
[debug] [2025-10-10T18:33:48.845Z] [worker-pool] submitRequest(triggerId=southamerica-east1-controlePedidosApi) {"metadata":{"emulator":{"name":"functions"},"message":"[worker-pool] submitRequest(triggerId=southamerica-east1-controlePedidosApi)"}}
[info] i  functions: Beginning execution of "southamerica-east1-controlePedidosApi" {"metadata":{"emulator":{"name":"functions"},"function":{"name":"southamerica-east1-controlePedidosApi"},"extension":{},"message":"Beginning execution of \"southamerica-east1-controlePedidosApi\""}}
[debug] [2025-10-10T18:33:48.846Z] [worker-southamerica-east1-controlePedidosApi-ac35cf45-b820-4962-9dad-83f7e6b871f9]: BUSY {"metadata":{"emulator":{"name":"functions"},"function":{"name":"southamerica-east1-controlePedidosApi"},"extension":{},"message":"[worker-southamerica-east1-controlePedidosApi-ac35cf45-b820-4962-9dad-83f7e6b871f9]: BUSY"}}
[debug] [2025-10-10T18:33:48.848Z] Finishing up request with event=pause {"metadata":{"emulator":{"name":"functions"},"function":{"name":"southamerica-east1-controlePedidosApi"},"extension":{},"message":"Finishing up request with event=pause"}}
[info] i  functions: Finished "southamerica-east1-controlePedidosApi" in 2.801ms {"metadata":{"emulator":{"name":"functions"},"function":{"name":"southamerica-east1-controlePedidosApi"},"extension":{},"message":"Finished \"southamerica-east1-controlePedidosApi\" in 2.801ms"}}
[debug] [2025-10-10T18:33:48.850Z] [worker-southamerica-east1-controlePedidosApi-ac35cf45-b820-4962-9dad-83f7e6b871f9]: IDLE {"metadata":{"emulator":{"name":"functions"},"function":{"name":"southamerica-east1-controlePedidosApi"},"extension":{},"message":"[worker-southamerica-east1-controlePedidosApi-ac35cf45-b820-4962-9dad-83f7e6b871f9]: IDLE"}}
[debug] [2025-10-10T18:33:48.850Z] Finishing up request with event=finish {"metadata":{"emulator":{"name":"functions"},"function":{"name":"southamerica-east1-controlePedidosApi"},"extension":{},"message":"Finishing up request with event=finish"}}
[debug] [2025-10-10T18:33:48.850Z] Finishing up request with event=close {"metadata":{"emulator":{"name":"functions"},"function":{"name":"southamerica-east1-controlePedidosApi"},"extension":{},"message":"Finishing up request with event=close"}}
[debug] [2025-10-10T18:33:48.850Z] [work-queue] {"queuedWork":[],"queueLength":0,"runningWork":[],"workRunningCount":0}
[debug] [2025-10-10T18:33:48.851Z] [work-queue] {"queuedWork":["/gestaopedidos-desenhar/southamerica-east1/controlePedidosApi/dashboard/buscarPedidos-2025-10-10T18:33:48.851Z"],"queueLength":1,"runningWork":[],"workRunningCount":0}
[debug] [2025-10-10T18:33:48.852Z] [work-queue] {"queuedWork":[],"queueLength":0,"runningWork":["/gestaopedidos-desenhar/southamerica-east1/controlePedidosApi/dashboard/buscarPedidos-2025-10-10T18:33:48.851Z"],"workRunningCount":1}
[debug] [2025-10-10T18:33:48.852Z] Accepted request GET /gestaopedidos-desenhar/southamerica-east1/controlePedidosApi/dashboard/buscarPedidos?filtroTipo=&filtroSubTipo=&filtroStatus=&filtroResponsavelUid=PM0yHZvyZqV3QNmO5P7eWlLmIa43&filtroAtrasados=&porPagina=10&filtroCliente=&filtroRequerArte=&filtroRequerGalpao= --> southamerica-east1-controlePedidosApi
[debug] [2025-10-10T18:33:48.854Z] [functions] Runtime ready! Sending request! {"metadata":{"emulator":{"name":"functions"},"message":"[functions] Runtime ready! Sending request!"}}
[debug] [2025-10-10T18:33:48.854Z] [functions] Got req.url=/gestaopedidos-desenhar/southamerica-east1/controlePedidosApi/dashboard/buscarPedidos?filtroTipo=&filtroSubTipo=&filtroStatus=&filtroResponsavelUid=PM0yHZvyZqV3QNmO5P7eWlLmIa43&filtroAtrasados=&porPagina=10&filtroCliente=&filtroRequerArte=&filtroRequerGalpao=, mapping to path=/dashboard/buscarPedidos?filtroTipo=&filtroSubTipo=&filtroStatus=&filtroResponsavelUid=PM0yHZvyZqV3QNmO5P7eWlLmIa43&filtroAtrasados=&porPagina=10&filtroCliente=&filtroRequerArte=&filtroRequerGalpao= {"metadata":{"emulator":{"name":"functions"},"message":"[functions] Got req.url=/gestaopedidos-desenhar/southamerica-east1/controlePedidosApi/dashboard/buscarPedidos?filtroTipo=&filtroSubTipo=&filtroStatus=&filtroResponsavelUid=PM0yHZvyZqV3QNmO5P7eWlLmIa43&filtroAtrasados=&porPagina=10&filtroCliente=&filtroRequerArte=&filtroRequerGalpao=, mapping to path=/dashboard/buscarPedidos?filtroTipo=&filtroSubTipo=&filtroStatus=&filtroResponsavelUid=PM0yHZvyZqV3QNmO5P7eWlLmIa43&filtroAtrasados=&porPagina=10&filtroCliente=&filtroRequerArte=&filtroRequerGalpao="}}
[debug] [2025-10-10T18:33:48.854Z] [worker-pool] submitRequest(triggerId=southamerica-east1-controlePedidosApi) {"metadata":{"emulator":{"name":"functions"},"message":"[worker-pool] submitRequest(triggerId=southamerica-east1-controlePedidosApi)"}}
[info] i  functions: Beginning execution of "southamerica-east1-controlePedidosApi" {"metadata":{"emulator":{"name":"functions"},"function":{"name":"southamerica-east1-controlePedidosApi"},"extension":{},"message":"Beginning execution of \"southamerica-east1-controlePedidosApi\""}}
[debug] [2025-10-10T18:33:48.855Z] [worker-southamerica-east1-controlePedidosApi-ac35cf45-b820-4962-9dad-83f7e6b871f9]: BUSY {"metadata":{"emulator":{"name":"functions"},"function":{"name":"southamerica-east1-controlePedidosApi"},"extension":{},"message":"[worker-southamerica-east1-controlePedidosApi-ac35cf45-b820-4962-9dad-83f7e6b871f9]: BUSY"}}
[info] >  Contagem total de pedidos: 17 {"user":"Contagem total de pedidos: 17","metadata":{"emulator":{"name":"functions"},"function":{"name":"southamerica-east1-controlePedidosApi"},"extension":{},"message":"\u001b[90m> \u001b[39m Contagem total de pedidos: 17"}}
[debug] [2025-10-10T18:33:49.103Z] Finishing up request with event=pause {"metadata":{"emulator":{"name":"functions"},"function":{"name":"southamerica-east1-controlePedidosApi"},"extension":{},"message":"Finishing up request with event=pause"}}
[info] i  functions: Finished "southamerica-east1-controlePedidosApi" in 247.7115ms {"metadata":{"emulator":{"name":"functions"},"function":{"name":"southamerica-east1-controlePedidosApi"},"extension":{},"message":"Finished \"southamerica-east1-controlePedidosApi\" in 247.7115ms"}}
[debug] [2025-10-10T18:33:49.104Z] [worker-southamerica-east1-controlePedidosApi-ac35cf45-b820-4962-9dad-83f7e6b871f9]: IDLE {"metadata":{"emulator":{"name":"functions"},"function":{"name":"southamerica-east1-controlePedidosApi"},"extension":{},"message":"[worker-southamerica-east1-controlePedidosApi-ac35cf45-b820-4962-9dad-83f7e6b871f9]: IDLE"}}
[debug] [2025-10-10T18:33:49.104Z] Finishing up request with event=finish {"metadata":{"emulator":{"name":"functions"},"function":{"name":"southamerica-east1-controlePedidosApi"},"extension":{},"message":"Finishing up request with event=finish"}}
[debug] [2025-10-10T18:33:49.104Z] Finishing up request with event=close {"metadata":{"emulator":{"name":"functions"},"function":{"name":"southamerica-east1-controlePedidosApi"},"extension":{},"message":"Finishing up request with event=close"}}
[debug] [2025-10-10T18:33:49.105Z] [work-queue] {"queuedWork":[],"queueLength":0,"runningWork":[],"workRunningCount":0}
[debug] [2025-10-10T18:33:59.762Z] [work-queue] {"queuedWork":["/gestaopedidos-desenhar/southamerica-east1/controlePedidosApi/dashboard/buscarPedidos-2025-10-10T18:33:59.762Z"],"queueLength":1,"runningWork":[],"workRunningCount":0}
[debug] [2025-10-10T18:33:59.763Z] [work-queue] {"queuedWork":[],"queueLength":0,"runningWork":["/gestaopedidos-desenhar/southamerica-east1/controlePedidosApi/dashboard/buscarPedidos-2025-10-10T18:33:59.762Z"],"workRunningCount":1}
[debug] [2025-10-10T18:33:59.763Z] Accepted request OPTIONS /gestaopedidos-desenhar/southamerica-east1/controlePedidosApi/dashboard/buscarPedidos?filtroTipo=&filtroSubTipo=&filtroStatus=&filtroResponsavelUid=&filtroAtrasados=&porPagina=10&filtroCliente=&filtroRequerArte=&filtroRequerGalpao= --> southamerica-east1-controlePedidosApi
[debug] [2025-10-10T18:33:59.765Z] [functions] Runtime ready! Sending request! {"metadata":{"emulator":{"name":"functions"},"message":"[functions] Runtime ready! Sending request!"}}
[debug] [2025-10-10T18:33:59.765Z] [functions] Got req.url=/gestaopedidos-desenhar/southamerica-east1/controlePedidosApi/dashboard/buscarPedidos?filtroTipo=&filtroSubTipo=&filtroStatus=&filtroResponsavelUid=&filtroAtrasados=&porPagina=10&filtroCliente=&filtroRequerArte=&filtroRequerGalpao=, mapping to path=/dashboard/buscarPedidos?filtroTipo=&filtroSubTipo=&filtroStatus=&filtroResponsavelUid=&filtroAtrasados=&porPagina=10&filtroCliente=&filtroRequerArte=&filtroRequerGalpao= {"metadata":{"emulator":{"name":"functions"},"message":"[functions] Got req.url=/gestaopedidos-desenhar/southamerica-east1/controlePedidosApi/dashboard/buscarPedidos?filtroTipo=&filtroSubTipo=&filtroStatus=&filtroResponsavelUid=&filtroAtrasados=&porPagina=10&filtroCliente=&filtroRequerArte=&filtroRequerGalpao=, mapping to path=/dashboard/buscarPedidos?filtroTipo=&filtroSubTipo=&filtroStatus=&filtroResponsavelUid=&filtroAtrasados=&porPagina=10&filtroCliente=&filtroRequerArte=&filtroRequerGalpao="}}
[debug] [2025-10-10T18:33:59.766Z] [worker-pool] submitRequest(triggerId=southamerica-east1-controlePedidosApi) {"metadata":{"emulator":{"name":"functions"},"message":"[worker-pool] submitRequest(triggerId=southamerica-east1-controlePedidosApi)"}}
[info] i  functions: Beginning execution of "southamerica-east1-controlePedidosApi" {"metadata":{"emulator":{"name":"functions"},"function":{"name":"southamerica-east1-controlePedidosApi"},"extension":{},"message":"Beginning execution of \"southamerica-east1-controlePedidosApi\""}}
[debug] [2025-10-10T18:33:59.767Z] [worker-southamerica-east1-controlePedidosApi-ac35cf45-b820-4962-9dad-83f7e6b871f9]: BUSY {"metadata":{"emulator":{"name":"functions"},"function":{"name":"southamerica-east1-controlePedidosApi"},"extension":{},"message":"[worker-southamerica-east1-controlePedidosApi-ac35cf45-b820-4962-9dad-83f7e6b871f9]: BUSY"}}
[debug] [2025-10-10T18:33:59.771Z] Finishing up request with event=pause {"metadata":{"emulator":{"name":"functions"},"function":{"name":"southamerica-east1-controlePedidosApi"},"extension":{},"message":"Finishing up request with event=pause"}}
[info] i  functions: Finished "southamerica-east1-controlePedidosApi" in 3.8236ms {"metadata":{"emulator":{"name":"functions"},"function":{"name":"southamerica-east1-controlePedidosApi"},"extension":{},"message":"Finished \"southamerica-east1-controlePedidosApi\" in 3.8236ms"}}
[debug] [2025-10-10T18:33:59.772Z] [worker-southamerica-east1-controlePedidosApi-ac35cf45-b820-4962-9dad-83f7e6b871f9]: IDLE {"metadata":{"emulator":{"name":"functions"},"function":{"name":"southamerica-east1-controlePedidosApi"},"extension":{},"message":"[worker-southamerica-east1-controlePedidosApi-ac35cf45-b820-4962-9dad-83f7e6b871f9]: IDLE"}}
[debug] [2025-10-10T18:33:59.772Z] Finishing up request with event=finish {"metadata":{"emulator":{"name":"functions"},"function":{"name":"southamerica-east1-controlePedidosApi"},"extension":{},"message":"Finishing up request with event=finish"}}
[debug] [2025-10-10T18:33:59.772Z] Finishing up request with event=close {"metadata":{"emulator":{"name":"functions"},"function":{"name":"southamerica-east1-controlePedidosApi"},"extension":{},"message":"Finishing up request with event=close"}}
[debug] [2025-10-10T18:33:59.772Z] [work-queue] {"queuedWork":[],"queueLength":0,"runningWork":[],"workRunningCount":0}
[debug] [2025-10-10T18:33:59.774Z] [work-queue] {"queuedWork":["/gestaopedidos-desenhar/southamerica-east1/controlePedidosApi/dashboard/buscarPedidos-2025-10-10T18:33:59.774Z"],"queueLength":1,"runningWork":[],"workRunningCount":0}
[debug] [2025-10-10T18:33:59.775Z] [work-queue] {"queuedWork":[],"queueLength":0,"runningWork":["/gestaopedidos-desenhar/southamerica-east1/controlePedidosApi/dashboard/buscarPedidos-2025-10-10T18:33:59.774Z"],"workRunningCount":1}
[debug] [2025-10-10T18:33:59.775Z] Accepted request GET /gestaopedidos-desenhar/southamerica-east1/controlePedidosApi/dashboard/buscarPedidos?filtroTipo=&filtroSubTipo=&filtroStatus=&filtroResponsavelUid=&filtroAtrasados=&porPagina=10&filtroCliente=&filtroRequerArte=&filtroRequerGalpao= --> southamerica-east1-controlePedidosApi
[debug] [2025-10-10T18:33:59.778Z] [functions] Runtime ready! Sending request! {"metadata":{"emulator":{"name":"functions"},"message":"[functions] Runtime ready! Sending request!"}}
[debug] [2025-10-10T18:33:59.778Z] [functions] Got req.url=/gestaopedidos-desenhar/southamerica-east1/controlePedidosApi/dashboard/buscarPedidos?filtroTipo=&filtroSubTipo=&filtroStatus=&filtroResponsavelUid=&filtroAtrasados=&porPagina=10&filtroCliente=&filtroRequerArte=&filtroRequerGalpao=, mapping to path=/dashboard/buscarPedidos?filtroTipo=&filtroSubTipo=&filtroStatus=&filtroResponsavelUid=&filtroAtrasados=&porPagina=10&filtroCliente=&filtroRequerArte=&filtroRequerGalpao= {"metadata":{"emulator":{"name":"functions"},"message":"[functions] Got req.url=/gestaopedidos-desenhar/southamerica-east1/controlePedidosApi/dashboard/buscarPedidos?filtroTipo=&filtroSubTipo=&filtroStatus=&filtroResponsavelUid=&filtroAtrasados=&porPagina=10&filtroCliente=&filtroRequerArte=&filtroRequerGalpao=, mapping to path=/dashboard/buscarPedidos?filtroTipo=&filtroSubTipo=&filtroStatus=&filtroResponsavelUid=&filtroAtrasados=&porPagina=10&filtroCliente=&filtroRequerArte=&filtroRequerGalpao="}}
[debug] [2025-10-10T18:33:59.778Z] [worker-pool] submitRequest(triggerId=southamerica-east1-controlePedidosApi) {"metadata":{"emulator":{"name":"functions"},"message":"[worker-pool] submitRequest(triggerId=southamerica-east1-controlePedidosApi)"}}
[info] i  functions: Beginning execution of "southamerica-east1-controlePedidosApi" {"metadata":{"emulator":{"name":"functions"},"function":{"name":"southamerica-east1-controlePedidosApi"},"extension":{},"message":"Beginning execution of \"southamerica-east1-controlePedidosApi\""}}
[debug] [2025-10-10T18:33:59.779Z] [worker-southamerica-east1-controlePedidosApi-ac35cf45-b820-4962-9dad-83f7e6b871f9]: BUSY {"metadata":{"emulator":{"name":"functions"},"function":{"name":"southamerica-east1-controlePedidosApi"},"extension":{},"message":"[worker-southamerica-east1-controlePedidosApi-ac35cf45-b820-4962-9dad-83f7e6b871f9]: BUSY"}}
[info] >  Contagem total de pedidos: 559 {"user":"Contagem total de pedidos: 559","metadata":{"emulator":{"name":"functions"},"function":{"name":"southamerica-east1-controlePedidosApi"},"extension":{},"message":"\u001b[90m> \u001b[39m Contagem total de pedidos: 559"}}
[debug] [2025-10-10T18:34:00.040Z] Finishing up request with event=pause {"metadata":{"emulator":{"name":"functions"},"function":{"name":"southamerica-east1-controlePedidosApi"},"extension":{},"message":"Finishing up request with event=pause"}}
[info] i  functions: Finished "southamerica-east1-controlePedidosApi" in 261.6227ms {"metadata":{"emulator":{"name":"functions"},"function":{"name":"southamerica-east1-controlePedidosApi"},"extension":{},"message":"Finished \"southamerica-east1-controlePedidosApi\" in 261.6227ms"}}
[debug] [2025-10-10T18:34:00.041Z] [worker-southamerica-east1-controlePedidosApi-ac35cf45-b820-4962-9dad-83f7e6b871f9]: IDLE {"metadata":{"emulator":{"name":"functions"},"function":{"name":"southamerica-east1-controlePedidosApi"},"extension":{},"message":"[worker-southamerica-east1-controlePedidosApi-ac35cf45-b820-4962-9dad-83f7e6b871f9]: IDLE"}}
[debug] [2025-10-10T18:34:00.042Z] Finishing up request with event=finish {"metadata":{"emulator":{"name":"functions"},"function":{"name":"southamerica-east1-controlePedidosApi"},"extension":{},"message":"Finishing up request with event=finish"}}
[debug] [2025-10-10T18:34:00.042Z] Finishing up request with event=close {"metadata":{"emulator":{"name":"functions"},"function":{"name":"southamerica-east1-controlePedidosApi"},"extension":{},"message":"Finishing up request with event=close"}}
[debug] [2025-10-10T18:34:00.042Z] [work-queue] {"queuedWork":[],"queueLength":0,"runningWork":[],"workRunningCount":0}
[debug] [2025-10-10T18:34:16.120Z] [work-queue] {"queuedWork":["/gestaopedidos-desenhar/southamerica-east1/controlePedidosApi/relatorios/buscarPedidos-2025-10-10T18:34:16.120Z"],"queueLength":1,"runningWork":[],"workRunningCount":0}
[debug] [2025-10-10T18:34:16.120Z] [work-queue] {"queuedWork":[],"queueLength":0,"runningWork":["/gestaopedidos-desenhar/southamerica-east1/controlePedidosApi/relatorios/buscarPedidos-2025-10-10T18:34:16.120Z"],"workRunningCount":1}
[debug] [2025-10-10T18:34:16.120Z] Accepted request OPTIONS /gestaopedidos-desenhar/southamerica-east1/controlePedidosApi/relatorios/buscarPedidos?filtroTipo=&filtroSubTipo=&filtroStatus=&filtroCliente=&filtroResponsavelUid=&dataInicioInclusao=&dataFimInclusao=&dataInicioRetirada=2025-10-10&dataFimRetirada=2025-10-10&itensPorPagina=20 --> southamerica-east1-controlePedidosApi
[debug] [2025-10-10T18:34:16.123Z] [functions] Runtime ready! Sending request! {"metadata":{"emulator":{"name":"functions"},"message":"[functions] Runtime ready! Sending request!"}}
[debug] [2025-10-10T18:34:16.123Z] [functions] Got req.url=/gestaopedidos-desenhar/southamerica-east1/controlePedidosApi/relatorios/buscarPedidos?filtroTipo=&filtroSubTipo=&filtroStatus=&filtroCliente=&filtroResponsavelUid=&dataInicioInclusao=&dataFimInclusao=&dataInicioRetirada=2025-10-10&dataFimRetirada=2025-10-10&itensPorPagina=20, mapping to path=/relatorios/buscarPedidos?filtroTipo=&filtroSubTipo=&filtroStatus=&filtroCliente=&filtroResponsavelUid=&dataInicioInclusao=&dataFimInclusao=&dataInicioRetirada=2025-10-10&dataFimRetirada=2025-10-10&itensPorPagina=20 {"metadata":{"emulator":{"name":"functions"},"message":"[functions] Got req.url=/gestaopedidos-desenhar/southamerica-east1/controlePedidosApi/relatorios/buscarPedidos?filtroTipo=&filtroSubTipo=&filtroStatus=&filtroCliente=&filtroResponsavelUid=&dataInicioInclusao=&dataFimInclusao=&dataInicioRetirada=2025-10-10&dataFimRetirada=2025-10-10&itensPorPagina=20, mapping to path=/relatorios/buscarPedidos?filtroTipo=&filtroSubTipo=&filtroStatus=&filtroCliente=&filtroResponsavelUid=&dataInicioInclusao=&dataFimInclusao=&dataInicioRetirada=2025-10-10&dataFimRetirada=2025-10-10&itensPorPagina=20"}}
[debug] [2025-10-10T18:34:16.123Z] [worker-pool] submitRequest(triggerId=southamerica-east1-controlePedidosApi) {"metadata":{"emulator":{"name":"functions"},"message":"[worker-pool] submitRequest(triggerId=southamerica-east1-controlePedidosApi)"}}
[info] i  functions: Beginning execution of "southamerica-east1-controlePedidosApi" {"metadata":{"emulator":{"name":"functions"},"function":{"name":"southamerica-east1-controlePedidosApi"},"extension":{},"message":"Beginning execution of \"southamerica-east1-controlePedidosApi\""}}
[debug] [2025-10-10T18:34:16.124Z] [worker-southamerica-east1-controlePedidosApi-ac35cf45-b820-4962-9dad-83f7e6b871f9]: BUSY {"metadata":{"emulator":{"name":"functions"},"function":{"name":"southamerica-east1-controlePedidosApi"},"extension":{},"message":"[worker-southamerica-east1-controlePedidosApi-ac35cf45-b820-4962-9dad-83f7e6b871f9]: BUSY"}}
[debug] [2025-10-10T18:34:16.127Z] Finishing up request with event=pause {"metadata":{"emulator":{"name":"functions"},"function":{"name":"southamerica-east1-controlePedidosApi"},"extension":{},"message":"Finishing up request with event=pause"}}
[info] i  functions: Finished "southamerica-east1-controlePedidosApi" in 3.2475ms {"metadata":{"emulator":{"name":"functions"},"function":{"name":"southamerica-east1-controlePedidosApi"},"extension":{},"message":"Finished \"southamerica-east1-controlePedidosApi\" in 3.2475ms"}}
[debug] [2025-10-10T18:34:16.128Z] [worker-southamerica-east1-controlePedidosApi-ac35cf45-b820-4962-9dad-83f7e6b871f9]: IDLE {"metadata":{"emulator":{"name":"functions"},"function":{"name":"southamerica-east1-controlePedidosApi"},"extension":{},"message":"[worker-southamerica-east1-controlePedidosApi-ac35cf45-b820-4962-9dad-83f7e6b871f9]: IDLE"}}
[debug] [2025-10-10T18:34:16.128Z] Finishing up request with event=finish {"metadata":{"emulator":{"name":"functions"},"function":{"name":"southamerica-east1-controlePedidosApi"},"extension":{},"message":"Finishing up request with event=finish"}}
[debug] [2025-10-10T18:34:16.128Z] Finishing up request with event=close {"metadata":{"emulator":{"name":"functions"},"function":{"name":"southamerica-east1-controlePedidosApi"},"extension":{},"message":"Finishing up request with event=close"}}
[debug] [2025-10-10T18:34:16.128Z] [work-queue] {"queuedWork":[],"queueLength":0,"runningWork":[],"workRunningCount":0}
[debug] [2025-10-10T18:34:16.130Z] [work-queue] {"queuedWork":["/gestaopedidos-desenhar/southamerica-east1/controlePedidosApi/relatorios/buscarPedidos-2025-10-10T18:34:16.130Z"],"queueLength":1,"runningWork":[],"workRunningCount":0}
[debug] [2025-10-10T18:34:16.131Z] [work-queue] {"queuedWork":[],"queueLength":0,"runningWork":["/gestaopedidos-desenhar/southamerica-east1/controlePedidosApi/relatorios/buscarPedidos-2025-10-10T18:34:16.130Z"],"workRunningCount":1}
[debug] [2025-10-10T18:34:16.131Z] Accepted request GET /gestaopedidos-desenhar/southamerica-east1/controlePedidosApi/relatorios/buscarPedidos?filtroTipo=&filtroSubTipo=&filtroStatus=&filtroCliente=&filtroResponsavelUid=&dataInicioInclusao=&dataFimInclusao=&dataInicioRetirada=2025-10-10&dataFimRetirada=2025-10-10&itensPorPagina=20 --> southamerica-east1-controlePedidosApi
[debug] [2025-10-10T18:34:16.133Z] [functions] Runtime ready! Sending request! {"metadata":{"emulator":{"name":"functions"},"message":"[functions] Runtime ready! Sending request!"}}
[debug] [2025-10-10T18:34:16.133Z] [functions] Got req.url=/gestaopedidos-desenhar/southamerica-east1/controlePedidosApi/relatorios/buscarPedidos?filtroTipo=&filtroSubTipo=&filtroStatus=&filtroCliente=&filtroResponsavelUid=&dataInicioInclusao=&dataFimInclusao=&dataInicioRetirada=2025-10-10&dataFimRetirada=2025-10-10&itensPorPagina=20, mapping to path=/relatorios/buscarPedidos?filtroTipo=&filtroSubTipo=&filtroStatus=&filtroCliente=&filtroResponsavelUid=&dataInicioInclusao=&dataFimInclusao=&dataInicioRetirada=2025-10-10&dataFimRetirada=2025-10-10&itensPorPagina=20 {"metadata":{"emulator":{"name":"functions"},"message":"[functions] Got req.url=/gestaopedidos-desenhar/southamerica-east1/controlePedidosApi/relatorios/buscarPedidos?filtroTipo=&filtroSubTipo=&filtroStatus=&filtroCliente=&filtroResponsavelUid=&dataInicioInclusao=&dataFimInclusao=&dataInicioRetirada=2025-10-10&dataFimRetirada=2025-10-10&itensPorPagina=20, mapping to path=/relatorios/buscarPedidos?filtroTipo=&filtroSubTipo=&filtroStatus=&filtroCliente=&filtroResponsavelUid=&dataInicioInclusao=&dataFimInclusao=&dataInicioRetirada=2025-10-10&dataFimRetirada=2025-10-10&itensPorPagina=20"}}
[debug] [2025-10-10T18:34:16.133Z] [worker-pool] submitRequest(triggerId=southamerica-east1-controlePedidosApi) {"metadata":{"emulator":{"name":"functions"},"message":"[worker-pool] submitRequest(triggerId=southamerica-east1-controlePedidosApi)"}}
[info] i  functions: Beginning execution of "southamerica-east1-controlePedidosApi" {"metadata":{"emulator":{"name":"functions"},"function":{"name":"southamerica-east1-controlePedidosApi"},"extension":{},"message":"Beginning execution of \"southamerica-east1-controlePedidosApi\""}}
[debug] [2025-10-10T18:34:16.136Z] [worker-southamerica-east1-controlePedidosApi-ac35cf45-b820-4962-9dad-83f7e6b871f9]: BUSY {"metadata":{"emulator":{"name":"functions"},"function":{"name":"southamerica-east1-controlePedidosApi"},"extension":{},"message":"[worker-southamerica-east1-controlePedidosApi-ac35cf45-b820-4962-9dad-83f7e6b871f9]: BUSY"}}
[info] >  [Relatórios] Filtros: { {"user":"[Relatórios] Filtros: {","metadata":{"emulator":{"name":"functions"},"function":{"name":"southamerica-east1-controlePedidosApi"},"extension":{},"message":"\u001b[90m> \u001b[39m [Relatórios] Filtros: {"}}
[info] >    filtroTipo: '', {"user":"  filtroTipo: '',","metadata":{"emulator":{"name":"functions"},"function":{"name":"southamerica-east1-controlePedidosApi"},"extension":{},"message":"\u001b[90m> \u001b[39m   filtroTipo: '',"}}
[info] >    filtroSubTipo: '', {"user":"  filtroSubTipo: '',","metadata":{"emulator":{"name":"functions"},"function":{"name":"southamerica-east1-controlePedidosApi"},"extension":{},"message":"\u001b[90m> \u001b[39m   filtroSubTipo: '',"}}
[info] >    filtroStatus: '', {"user":"  filtroStatus: '',","metadata":{"emulator":{"name":"functions"},"function":{"name":"southamerica-east1-controlePedidosApi"},"extension":{},"message":"\u001b[90m> \u001b[39m   filtroStatus: '',"}}
[info] >    filtroCliente: '', {"user":"  filtroCliente: '',","metadata":{"emulator":{"name":"functions"},"function":{"name":"southamerica-east1-controlePedidosApi"},"extension":{},"message":"\u001b[90m> \u001b[39m   filtroCliente: '',"}}
[info] >    filtroResponsavelUid: '', {"user":"  filtroResponsavelUid: '',","metadata":{"emulator":{"name":"functions"},"function":{"name":"southamerica-east1-controlePedidosApi"},"extension":{},"message":"\u001b[90m> \u001b[39m   filtroResponsavelUid: '',"}}
[info] >    dataInicioInclusao: '', {"user":"  dataInicioInclusao: '',","metadata":{"emulator":{"name":"functions"},"function":{"name":"southamerica-east1-controlePedidosApi"},"extension":{},"message":"\u001b[90m> \u001b[39m   dataInicioInclusao: '',"}}
[info] >    dataFimInclusao: '', {"user":"  dataFimInclusao: '',","metadata":{"emulator":{"name":"functions"},"function":{"name":"southamerica-east1-controlePedidosApi"},"extension":{},"message":"\u001b[90m> \u001b[39m   dataFimInclusao: '',"}}
[info] >    dataInicioRetirada: '2025-10-10', {"user":"  dataInicioRetirada: '2025-10-10',","metadata":{"emulator":{"name":"functions"},"function":{"name":"southamerica-east1-controlePedidosApi"},"extension":{},"message":"\u001b[90m> \u001b[39m   dataInicioRetirada: '2025-10-10',"}}
[info] >    dataFimRetirada: '2025-10-10', {"user":"  dataFimRetirada: '2025-10-10',","metadata":{"emulator":{"name":"functions"},"function":{"name":"southamerica-east1-controlePedidosApi"},"extension":{},"message":"\u001b[90m> \u001b[39m   dataFimRetirada: '2025-10-10',"}}
[info] >    itensPorPagina: '20' {"user":"  itensPorPagina: '20'","metadata":{"emulator":{"name":"functions"},"function":{"name":"southamerica-east1-controlePedidosApi"},"extension":{},"message":"\u001b[90m> \u001b[39m   itensPorPagina: '20'"}}
[info] >  } | Pedidos retornados: 20 {"user":"} | Pedidos retornados: 20","metadata":{"emulator":{"name":"functions"},"function":{"name":"southamerica-east1-controlePedidosApi"},"extension":{},"message":"\u001b[90m> \u001b[39m } | Pedidos retornados: 20"}}
[debug] [2025-10-10T18:34:16.385Z] Finishing up request with event=pause {"metadata":{"emulator":{"name":"functions"},"function":{"name":"southamerica-east1-controlePedidosApi"},"extension":{},"message":"Finishing up request with event=pause"}}
[info] i  functions: Finished "southamerica-east1-controlePedidosApi" in 249.6901ms {"metadata":{"emulator":{"name":"functions"},"function":{"name":"southamerica-east1-controlePedidosApi"},"extension":{},"message":"Finished \"southamerica-east1-controlePedidosApi\" in 249.6901ms"}}
[debug] [2025-10-10T18:34:16.386Z] [worker-southamerica-east1-controlePedidosApi-ac35cf45-b820-4962-9dad-83f7e6b871f9]: IDLE {"metadata":{"emulator":{"name":"functions"},"function":{"name":"southamerica-east1-controlePedidosApi"},"extension":{},"message":"[worker-southamerica-east1-controlePedidosApi-ac35cf45-b820-4962-9dad-83f7e6b871f9]: IDLE"}}
[debug] [2025-10-10T18:34:16.387Z] Finishing up request with event=finish {"metadata":{"emulator":{"name":"functions"},"function":{"name":"southamerica-east1-controlePedidosApi"},"extension":{},"message":"Finishing up request with event=finish"}}
[debug] [2025-10-10T18:34:16.387Z] Finishing up request with event=close {"metadata":{"emulator":{"name":"functions"},"function":{"name":"southamerica-east1-controlePedidosApi"},"extension":{},"message":"Finishing up request with event=close"}}
[debug] [2025-10-10T18:34:16.387Z] [work-queue] {"queuedWork":[],"queueLength":0,"runningWork":[],"workRunningCount":0}
[debug] [2025-10-10T18:34:20.267Z] [work-queue] {"queuedWork":["/gestaopedidos-desenhar/southamerica-east1/controlePedidosApi/relatorios/buscarPedidos-2025-10-10T18:34:20.267Z"],"queueLength":1,"runningWork":[],"workRunningCount":0}
[debug] [2025-10-10T18:34:20.268Z] [work-queue] {"queuedWork":[],"queueLength":0,"runningWork":["/gestaopedidos-desenhar/southamerica-east1/controlePedidosApi/relatorios/buscarPedidos-2025-10-10T18:34:20.267Z"],"workRunningCount":1}
[debug] [2025-10-10T18:34:20.268Z] Accepted request OPTIONS /gestaopedidos-desenhar/southamerica-east1/controlePedidosApi/relatorios/buscarPedidos?filtroTipo=&filtroSubTipo=&filtroStatus=&filtroCliente=&filtroResponsavelUid=&dataInicioInclusao=&dataFimInclusao=&dataInicioRetirada=2025-10-10&dataFimRetirada=2025-10-10&itensPorPagina=20&lastEntrega=1760126400000&lastId=h4ekGuClJnKVAeD2fz5X --> southamerica-east1-controlePedidosApi
[debug] [2025-10-10T18:34:20.269Z] [functions] Runtime ready! Sending request! {"metadata":{"emulator":{"name":"functions"},"message":"[functions] Runtime ready! Sending request!"}}
[debug] [2025-10-10T18:34:20.269Z] [functions] Got req.url=/gestaopedidos-desenhar/southamerica-east1/controlePedidosApi/relatorios/buscarPedidos?filtroTipo=&filtroSubTipo=&filtroStatus=&filtroCliente=&filtroResponsavelUid=&dataInicioInclusao=&dataFimInclusao=&dataInicioRetirada=2025-10-10&dataFimRetirada=2025-10-10&itensPorPagina=20&lastEntrega=1760126400000&lastId=h4ekGuClJnKVAeD2fz5X, mapping to path=/relatorios/buscarPedidos?filtroTipo=&filtroSubTipo=&filtroStatus=&filtroCliente=&filtroResponsavelUid=&dataInicioInclusao=&dataFimInclusao=&dataInicioRetirada=2025-10-10&dataFimRetirada=2025-10-10&itensPorPagina=20&lastEntrega=1760126400000&lastId=h4ekGuClJnKVAeD2fz5X {"metadata":{"emulator":{"name":"functions"},"message":"[functions] Got req.url=/gestaopedidos-desenhar/southamerica-east1/controlePedidosApi/relatorios/buscarPedidos?filtroTipo=&filtroSubTipo=&filtroStatus=&filtroCliente=&filtroResponsavelUid=&dataInicioInclusao=&dataFimInclusao=&dataInicioRetirada=2025-10-10&dataFimRetirada=2025-10-10&itensPorPagina=20&lastEntrega=1760126400000&lastId=h4ekGuClJnKVAeD2fz5X, mapping to path=/relatorios/buscarPedidos?filtroTipo=&filtroSubTipo=&filtroStatus=&filtroCliente=&filtroResponsavelUid=&dataInicioInclusao=&dataFimInclusao=&dataInicioRetirada=2025-10-10&dataFimRetirada=2025-10-10&itensPorPagina=20&lastEntrega=1760126400000&lastId=h4ekGuClJnKVAeD2fz5X"}}
[debug] [2025-10-10T18:34:20.269Z] [worker-pool] submitRequest(triggerId=southamerica-east1-controlePedidosApi) {"metadata":{"emulator":{"name":"functions"},"message":"[worker-pool] submitRequest(triggerId=southamerica-east1-controlePedidosApi)"}}
[info] i  functions: Beginning execution of "southamerica-east1-controlePedidosApi" {"metadata":{"emulator":{"name":"functions"},"function":{"name":"southamerica-east1-controlePedidosApi"},"extension":{},"message":"Beginning execution of \"southamerica-east1-controlePedidosApi\""}}
[debug] [2025-10-10T18:34:20.270Z] [worker-southamerica-east1-controlePedidosApi-ac35cf45-b820-4962-9dad-83f7e6b871f9]: BUSY {"metadata":{"emulator":{"name":"functions"},"function":{"name":"southamerica-east1-controlePedidosApi"},"extension":{},"message":"[worker-southamerica-east1-controlePedidosApi-ac35cf45-b820-4962-9dad-83f7e6b871f9]: BUSY"}}
[debug] [2025-10-10T18:34:20.271Z] [work-queue] {"queuedWork":["/gestaopedidos-desenhar/southamerica-east1/controlePedidosApi/relatorios/buscarPedidos-2025-10-10T18:34:20.271Z"],"queueLength":1,"runningWork":["/gestaopedidos-desenhar/southamerica-east1/controlePedidosApi/relatorios/buscarPedidos-2025-10-10T18:34:20.267Z"],"workRunningCount":1}
[debug] [2025-10-10T18:34:20.271Z] [work-queue] {"queuedWork":[],"queueLength":0,"runningWork":["/gestaopedidos-desenhar/southamerica-east1/controlePedidosApi/relatorios/buscarPedidos-2025-10-10T18:34:20.267Z","/gestaopedidos-desenhar/southamerica-east1/controlePedidosApi/relatorios/buscarPedidos-2025-10-10T18:34:20.271Z"],"workRunningCount":2}
[debug] [2025-10-10T18:34:20.272Z] Accepted request OPTIONS /gestaopedidos-desenhar/southamerica-east1/controlePedidosApi/relatorios/buscarPedidos?filtroTipo=&filtroSubTipo=&filtroStatus=&filtroCliente=&filtroResponsavelUid=&dataInicioInclusao=&dataFimInclusao=&dataInicioRetirada=2025-10-10&dataFimRetirada=2025-10-10&itensPorPagina=20&lastEntrega=1760126400000&lastId=h4ekGuClJnKVAeD2fz5X --> southamerica-east1-controlePedidosApi
[debug] [2025-10-10T18:34:20.272Z] [functions] Runtime ready! Sending request! {"metadata":{"emulator":{"name":"functions"},"message":"[functions] Runtime ready! Sending request!"}}
[debug] [2025-10-10T18:34:20.272Z] [functions] Got req.url=/gestaopedidos-desenhar/southamerica-east1/controlePedidosApi/relatorios/buscarPedidos?filtroTipo=&filtroSubTipo=&filtroStatus=&filtroCliente=&filtroResponsavelUid=&dataInicioInclusao=&dataFimInclusao=&dataInicioRetirada=2025-10-10&dataFimRetirada=2025-10-10&itensPorPagina=20&lastEntrega=1760126400000&lastId=h4ekGuClJnKVAeD2fz5X, mapping to path=/relatorios/buscarPedidos?filtroTipo=&filtroSubTipo=&filtroStatus=&filtroCliente=&filtroResponsavelUid=&dataInicioInclusao=&dataFimInclusao=&dataInicioRetirada=2025-10-10&dataFimRetirada=2025-10-10&itensPorPagina=20&lastEntrega=1760126400000&lastId=h4ekGuClJnKVAeD2fz5X {"metadata":{"emulator":{"name":"functions"},"message":"[functions] Got req.url=/gestaopedidos-desenhar/southamerica-east1/controlePedidosApi/relatorios/buscarPedidos?filtroTipo=&filtroSubTipo=&filtroStatus=&filtroCliente=&filtroResponsavelUid=&dataInicioInclusao=&dataFimInclusao=&dataInicioRetirada=2025-10-10&dataFimRetirada=2025-10-10&itensPorPagina=20&lastEntrega=1760126400000&lastId=h4ekGuClJnKVAeD2fz5X, mapping to path=/relatorios/buscarPedidos?filtroTipo=&filtroSubTipo=&filtroStatus=&filtroCliente=&filtroResponsavelUid=&dataInicioInclusao=&dataFimInclusao=&dataInicioRetirada=2025-10-10&dataFimRetirada=2025-10-10&itensPorPagina=20&lastEntrega=1760126400000&lastId=h4ekGuClJnKVAeD2fz5X"}}
[info] i  functions: Loaded environment variables from .env. 
[debug] [2025-10-10T18:34:20.282Z] [worker-pool] addWorker(southamerica-east1-controlePedidosApi) {"metadata":{"emulator":{"name":"functions"},"message":"[worker-pool] addWorker(southamerica-east1-controlePedidosApi)"}}
[debug] [2025-10-10T18:34:20.282Z] [worker-pool] Adding worker with key southamerica-east1-controlePedidosApi, total=2 {"metadata":{"emulator":{"name":"functions"},"message":"[worker-pool] Adding worker with key southamerica-east1-controlePedidosApi, total=2"}}
[debug] [2025-10-10T18:34:20.284Z] Finishing up request with event=pause {"metadata":{"emulator":{"name":"functions"},"function":{"name":"southamerica-east1-controlePedidosApi"},"extension":{},"message":"Finishing up request with event=pause"}}
[info] i  functions: Finished "southamerica-east1-controlePedidosApi" in 14.6557ms {"metadata":{"emulator":{"name":"functions"},"function":{"name":"southamerica-east1-controlePedidosApi"},"extension":{},"message":"Finished \"southamerica-east1-controlePedidosApi\" in 14.6557ms"}}
[debug] [2025-10-10T18:34:20.285Z] [worker-southamerica-east1-controlePedidosApi-ac35cf45-b820-4962-9dad-83f7e6b871f9]: IDLE {"metadata":{"emulator":{"name":"functions"},"function":{"name":"southamerica-east1-controlePedidosApi"},"extension":{},"message":"[worker-southamerica-east1-controlePedidosApi-ac35cf45-b820-4962-9dad-83f7e6b871f9]: IDLE"}}
[debug] [2025-10-10T18:34:20.285Z] Finishing up request with event=finish {"metadata":{"emulator":{"name":"functions"},"function":{"name":"southamerica-east1-controlePedidosApi"},"extension":{},"message":"Finishing up request with event=finish"}}
[debug] [2025-10-10T18:34:20.285Z] Finishing up request with event=close {"metadata":{"emulator":{"name":"functions"},"function":{"name":"southamerica-east1-controlePedidosApi"},"extension":{},"message":"Finishing up request with event=close"}}
[debug] [2025-10-10T18:34:20.285Z] [work-queue] {"queuedWork":[],"queueLength":0,"runningWork":["/gestaopedidos-desenhar/southamerica-east1/controlePedidosApi/relatorios/buscarPedidos-2025-10-10T18:34:20.271Z"],"workRunningCount":1}
[debug] [2025-10-10T18:34:20.287Z] [work-queue] {"queuedWork":["/gestaopedidos-desenhar/southamerica-east1/controlePedidosApi/relatorios/buscarPedidos-2025-10-10T18:34:20.287Z"],"queueLength":1,"runningWork":["/gestaopedidos-desenhar/southamerica-east1/controlePedidosApi/relatorios/buscarPedidos-2025-10-10T18:34:20.271Z"],"workRunningCount":1}
[debug] [2025-10-10T18:34:20.287Z] [work-queue] {"queuedWork":[],"queueLength":0,"runningWork":["/gestaopedidos-desenhar/southamerica-east1/controlePedidosApi/relatorios/buscarPedidos-2025-10-10T18:34:20.271Z","/gestaopedidos-desenhar/southamerica-east1/controlePedidosApi/relatorios/buscarPedidos-2025-10-10T18:34:20.287Z"],"workRunningCount":2}
[debug] [2025-10-10T18:34:20.288Z] Accepted request GET /gestaopedidos-desenhar/southamerica-east1/controlePedidosApi/relatorios/buscarPedidos?filtroTipo=&filtroSubTipo=&filtroStatus=&filtroCliente=&filtroResponsavelUid=&dataInicioInclusao=&dataFimInclusao=&dataInicioRetirada=2025-10-10&dataFimRetirada=2025-10-10&itensPorPagina=20&lastEntrega=1760126400000&lastId=h4ekGuClJnKVAeD2fz5X --> southamerica-east1-controlePedidosApi
[debug] [2025-10-10T18:34:20.290Z] [functions] Runtime ready! Sending request! {"metadata":{"emulator":{"name":"functions"},"message":"[functions] Runtime ready! Sending request!"}}
[debug] [2025-10-10T18:34:20.290Z] [functions] Got req.url=/gestaopedidos-desenhar/southamerica-east1/controlePedidosApi/relatorios/buscarPedidos?filtroTipo=&filtroSubTipo=&filtroStatus=&filtroCliente=&filtroResponsavelUid=&dataInicioInclusao=&dataFimInclusao=&dataInicioRetirada=2025-10-10&dataFimRetirada=2025-10-10&itensPorPagina=20&lastEntrega=1760126400000&lastId=h4ekGuClJnKVAeD2fz5X, mapping to path=/relatorios/buscarPedidos?filtroTipo=&filtroSubTipo=&filtroStatus=&filtroCliente=&filtroResponsavelUid=&dataInicioInclusao=&dataFimInclusao=&dataInicioRetirada=2025-10-10&dataFimRetirada=2025-10-10&itensPorPagina=20&lastEntrega=1760126400000&lastId=h4ekGuClJnKVAeD2fz5X {"metadata":{"emulator":{"name":"functions"},"message":"[functions] Got req.url=/gestaopedidos-desenhar/southamerica-east1/controlePedidosApi/relatorios/buscarPedidos?filtroTipo=&filtroSubTipo=&filtroStatus=&filtroCliente=&filtroResponsavelUid=&dataInicioInclusao=&dataFimInclusao=&dataInicioRetirada=2025-10-10&dataFimRetirada=2025-10-10&itensPorPagina=20&lastEntrega=1760126400000&lastId=h4ekGuClJnKVAeD2fz5X, mapping to path=/relatorios/buscarPedidos?filtroTipo=&filtroSubTipo=&filtroStatus=&filtroCliente=&filtroResponsavelUid=&dataInicioInclusao=&dataFimInclusao=&dataInicioRetirada=2025-10-10&dataFimRetirada=2025-10-10&itensPorPagina=20&lastEntrega=1760126400000&lastId=h4ekGuClJnKVAeD2fz5X"}}
[debug] [2025-10-10T18:34:20.290Z] [worker-pool] submitRequest(triggerId=southamerica-east1-controlePedidosApi) {"metadata":{"emulator":{"name":"functions"},"message":"[worker-pool] submitRequest(triggerId=southamerica-east1-controlePedidosApi)"}}
[info] i  functions: Beginning execution of "southamerica-east1-controlePedidosApi" {"metadata":{"emulator":{"name":"functions"},"function":{"name":"southamerica-east1-controlePedidosApi"},"extension":{},"message":"Beginning execution of \"southamerica-east1-controlePedidosApi\""}}
[debug] [2025-10-10T18:34:20.292Z] [worker-southamerica-east1-controlePedidosApi-ac35cf45-b820-4962-9dad-83f7e6b871f9]: BUSY {"metadata":{"emulator":{"name":"functions"},"function":{"name":"southamerica-east1-controlePedidosApi"},"extension":{},"message":"[worker-southamerica-east1-controlePedidosApi-ac35cf45-b820-4962-9dad-83f7e6b871f9]: BUSY"}}
[info] >  [Relatórios] Filtros: { {"user":"[Relatórios] Filtros: {","metadata":{"emulator":{"name":"functions"},"function":{"name":"southamerica-east1-controlePedidosApi"},"extension":{},"message":"\u001b[90m> \u001b[39m [Relatórios] Filtros: {"}}
[info] >    filtroTipo: '', {"user":"  filtroTipo: '',","metadata":{"emulator":{"name":"functions"},"function":{"name":"southamerica-east1-controlePedidosApi"},"extension":{},"message":"\u001b[90m> \u001b[39m   filtroTipo: '',"}}
[info] >    filtroSubTipo: '', {"user":"  filtroSubTipo: '',","metadata":{"emulator":{"name":"functions"},"function":{"name":"southamerica-east1-controlePedidosApi"},"extension":{},"message":"\u001b[90m> \u001b[39m   filtroSubTipo: '',"}}
[info] >    filtroStatus: '', {"user":"  filtroStatus: '',","metadata":{"emulator":{"name":"functions"},"function":{"name":"southamerica-east1-controlePedidosApi"},"extension":{},"message":"\u001b[90m> \u001b[39m   filtroStatus: '',"}}
[info] >    filtroCliente: '', {"user":"  filtroCliente: '',","metadata":{"emulator":{"name":"functions"},"function":{"name":"southamerica-east1-controlePedidosApi"},"extension":{},"message":"\u001b[90m> \u001b[39m   filtroCliente: '',"}}
[info] >    filtroResponsavelUid: '', {"user":"  filtroResponsavelUid: '',","metadata":{"emulator":{"name":"functions"},"function":{"name":"southamerica-east1-controlePedidosApi"},"extension":{},"message":"\u001b[90m> \u001b[39m   filtroResponsavelUid: '',"}}
[info] >    dataInicioInclusao: '', {"user":"  dataInicioInclusao: '',","metadata":{"emulator":{"name":"functions"},"function":{"name":"southamerica-east1-controlePedidosApi"},"extension":{},"message":"\u001b[90m> \u001b[39m   dataInicioInclusao: '',"}}
[info] >    dataFimInclusao: '', {"user":"  dataFimInclusao: '',","metadata":{"emulator":{"name":"functions"},"function":{"name":"southamerica-east1-controlePedidosApi"},"extension":{},"message":"\u001b[90m> \u001b[39m   dataFimInclusao: '',"}}
[info] >    dataInicioRetirada: '2025-10-10', {"user":"  dataInicioRetirada: '2025-10-10',","metadata":{"emulator":{"name":"functions"},"function":{"name":"southamerica-east1-controlePedidosApi"},"extension":{},"message":"\u001b[90m> \u001b[39m   dataInicioRetirada: '2025-10-10',"}}
[info] >    dataFimRetirada: '2025-10-10', {"user":"  dataFimRetirada: '2025-10-10',","metadata":{"emulator":{"name":"functions"},"function":{"name":"southamerica-east1-controlePedidosApi"},"extension":{},"message":"\u001b[90m> \u001b[39m   dataFimRetirada: '2025-10-10',"}}
[info] >    itensPorPagina: '20', {"user":"  itensPorPagina: '20',","metadata":{"emulator":{"name":"functions"},"function":{"name":"southamerica-east1-controlePedidosApi"},"extension":{},"message":"\u001b[90m> \u001b[39m   itensPorPagina: '20',"}}
[info] >    lastEntrega: '1760126400000', {"user":"  lastEntrega: '1760126400000',","metadata":{"emulator":{"name":"functions"},"function":{"name":"southamerica-east1-controlePedidosApi"},"extension":{},"message":"\u001b[90m> \u001b[39m   lastEntrega: '1760126400000',"}}
[info] >    lastId: 'h4ekGuClJnKVAeD2fz5X' {"user":"  lastId: 'h4ekGuClJnKVAeD2fz5X'","metadata":{"emulator":{"name":"functions"},"function":{"name":"southamerica-east1-controlePedidosApi"},"extension":{},"message":"\u001b[90m> \u001b[39m   lastId: 'h4ekGuClJnKVAeD2fz5X'"}}
[info] >  } | Pedidos retornados: 1 {"user":"} | Pedidos retornados: 1","metadata":{"emulator":{"name":"functions"},"function":{"name":"southamerica-east1-controlePedidosApi"},"extension":{},"message":"\u001b[90m> \u001b[39m } | Pedidos retornados: 1"}}
[debug] [2025-10-10T18:34:20.480Z] Finishing up request with event=pause {"metadata":{"emulator":{"name":"functions"},"function":{"name":"southamerica-east1-controlePedidosApi"},"extension":{},"message":"Finishing up request with event=pause"}}
[info] i  functions: Finished "southamerica-east1-controlePedidosApi" in 188.3295ms {"metadata":{"emulator":{"name":"functions"},"function":{"name":"southamerica-east1-controlePedidosApi"},"extension":{},"message":"Finished \"southamerica-east1-controlePedidosApi\" in 188.3295ms"}}
[debug] [2025-10-10T18:34:20.482Z] [worker-southamerica-east1-controlePedidosApi-ac35cf45-b820-4962-9dad-83f7e6b871f9]: IDLE {"metadata":{"emulator":{"name":"functions"},"function":{"name":"southamerica-east1-controlePedidosApi"},"extension":{},"message":"[worker-southamerica-east1-controlePedidosApi-ac35cf45-b820-4962-9dad-83f7e6b871f9]: IDLE"}}
[debug] [2025-10-10T18:34:20.482Z] Finishing up request with event=finish {"metadata":{"emulator":{"name":"functions"},"function":{"name":"southamerica-east1-controlePedidosApi"},"extension":{},"message":"Finishing up request with event=finish"}}
[debug] [2025-10-10T18:34:20.482Z] Finishing up request with event=close {"metadata":{"emulator":{"name":"functions"},"function":{"name":"southamerica-east1-controlePedidosApi"},"extension":{},"message":"Finishing up request with event=close"}}
[debug] [2025-10-10T18:34:20.482Z] [work-queue] {"queuedWork":[],"queueLength":0,"runningWork":["/gestaopedidos-desenhar/southamerica-east1/controlePedidosApi/relatorios/buscarPedidos-2025-10-10T18:34:20.271Z"],"workRunningCount":1}
[debug] [2025-10-10T18:34:21.945Z] [runtime-status] [17424] Resolved module firebase-admin {"declared":true,"installed":true,"version":"12.7.0","resolution":"C:\\Users\\PLOTAGEM01\\desenhar\\functions\\node_modules\\firebase-admin\\lib\\index.js"} {"metadata":{"emulator":{"name":"functions"},"function":{"name":"southamerica-east1-controlePedidosApi"},"extension":{},"message":"[runtime-status] [17424] Resolved module firebase-admin {\"declared\":true,\"installed\":true,\"version\":\"12.7.0\",\"resolution\":\"C:\\\\Users\\\\PLOTAGEM01\\\\desenhar\\\\functions\\\\node_modules\\\\firebase-admin\\\\lib\\\\index.js\"}"}}
[debug] [2025-10-10T18:34:21.947Z] [runtime-status] [17424] Resolved module firebase-functions {"declared":true,"installed":true,"version":"6.4.0","resolution":"C:\\Users\\PLOTAGEM01\\desenhar\\functions\\node_modules\\firebase-functions\\lib\\v2\\index.js"} {"metadata":{"emulator":{"name":"functions"},"function":{"name":"southamerica-east1-controlePedidosApi"},"extension":{},"message":"[runtime-status] [17424] Resolved module firebase-functions {\"declared\":true,\"installed\":true,\"version\":\"6.4.0\",\"resolution\":\"C:\\\\Users\\\\PLOTAGEM01\\\\desenhar\\\\functions\\\\node_modules\\\\firebase-functions\\\\lib\\\\v2\\\\index.js\"}"}}
[debug] [2025-10-10T18:34:21.948Z] [runtime-status] [17424] Outgoing network have been stubbed. [{"name":"http","status":"mocked"},{"name":"http","status":"mocked"},{"name":"https","status":"mocked"},{"name":"https","status":"mocked"},{"name":"net","status":"mocked"}] {"metadata":{"emulator":{"name":"functions"},"function":{"name":"southamerica-east1-controlePedidosApi"},"extension":{},"message":"[runtime-status] [17424] Outgoing network have been stubbed. [{\"name\":\"http\",\"status\":\"mocked\"},{\"name\":\"http\",\"status\":\"mocked\"},{\"name\":\"https\",\"status\":\"mocked\"},{\"name\":\"https\",\"status\":\"mocked\"},{\"name\":\"net\",\"status\":\"mocked\"}]"}}
[debug] [2025-10-10T18:34:21.949Z] [runtime-status] [17424] Resolved module firebase-functions {"declared":true,"installed":true,"version":"6.4.0","resolution":"C:\\Users\\PLOTAGEM01\\desenhar\\functions\\node_modules\\firebase-functions\\lib\\v2\\index.js"} {"metadata":{"emulator":{"name":"functions"},"function":{"name":"southamerica-east1-controlePedidosApi"},"extension":{},"message":"[runtime-status] [17424] Resolved module firebase-functions {\"declared\":true,\"installed\":true,\"version\":\"6.4.0\",\"resolution\":\"C:\\\\Users\\\\PLOTAGEM01\\\\desenhar\\\\functions\\\\node_modules\\\\firebase-functions\\\\lib\\\\v2\\\\index.js\"}"}}
[debug] [2025-10-10T18:34:22.441Z] [runtime-status] [17424] Checked functions.config() {"config":{}} {"metadata":{"emulator":{"name":"functions"},"function":{"name":"southamerica-east1-controlePedidosApi"},"extension":{},"message":"[runtime-status] [17424] Checked functions.config() {\"config\":{}}"}}
[debug] [2025-10-10T18:34:22.441Z] [runtime-status] [17424] firebase-functions has been stubbed. {"functionsResolution":{"declared":true,"installed":true,"version":"6.4.0","resolution":"C:\\Users\\PLOTAGEM01\\desenhar\\functions\\node_modules\\firebase-functions\\lib\\v2\\index.js"}} {"metadata":{"emulator":{"name":"functions"},"function":{"name":"southamerica-east1-controlePedidosApi"},"extension":{},"message":"[runtime-status] [17424] firebase-functions has been stubbed. {\"functionsResolution\":{\"declared\":true,\"installed\":true,\"version\":\"6.4.0\",\"resolution\":\"C:\\\\Users\\\\PLOTAGEM01\\\\desenhar\\\\functions\\\\node_modules\\\\firebase-functions\\\\lib\\\\v2\\\\index.js\"}}"}}
[debug] [2025-10-10T18:34:22.443Z] [runtime-status] [17424] Resolved module firebase-functions {"declared":true,"installed":true,"version":"6.4.0","resolution":"C:\\Users\\PLOTAGEM01\\desenhar\\functions\\node_modules\\firebase-functions\\lib\\v2\\index.js"} {"metadata":{"emulator":{"name":"functions"},"function":{"name":"southamerica-east1-controlePedidosApi"},"extension":{},"message":"[runtime-status] [17424] Resolved module firebase-functions {\"declared\":true,\"installed\":true,\"version\":\"6.4.0\",\"resolution\":\"C:\\\\Users\\\\PLOTAGEM01\\\\desenhar\\\\functions\\\\node_modules\\\\firebase-functions\\\\lib\\\\v2\\\\index.js\"}"}}
[debug] [2025-10-10T18:34:22.450Z] [runtime-status] [17424] Resolved module firebase-admin {"declared":true,"installed":true,"version":"12.7.0","resolution":"C:\\Users\\PLOTAGEM01\\desenhar\\functions\\node_modules\\firebase-admin\\lib\\index.js"} {"metadata":{"emulator":{"name":"functions"},"function":{"name":"southamerica-east1-controlePedidosApi"},"extension":{},"message":"[runtime-status] [17424] Resolved module firebase-admin {\"declared\":true,\"installed\":true,\"version\":\"12.7.0\",\"resolution\":\"C:\\\\Users\\\\PLOTAGEM01\\\\desenhar\\\\functions\\\\node_modules\\\\firebase-admin\\\\lib\\\\index.js\"}"}}
[debug] [2025-10-10T18:34:22.453Z] [runtime-status] [17424] Resolved module firebase-functions {"declared":true,"installed":true,"version":"6.4.0","resolution":"C:\\Users\\PLOTAGEM01\\desenhar\\functions\\node_modules\\firebase-functions\\lib\\v2\\index.js"} {"metadata":{"emulator":{"name":"functions"},"function":{"name":"southamerica-east1-controlePedidosApi"},"extension":{},"message":"[runtime-status] [17424] Resolved module firebase-functions {\"declared\":true,\"installed\":true,\"version\":\"6.4.0\",\"resolution\":\"C:\\\\Users\\\\PLOTAGEM01\\\\desenhar\\\\functions\\\\node_modules\\\\firebase-functions\\\\lib\\\\v2\\\\index.js\"}"}}
[debug] [2025-10-10T18:34:22.454Z] [runtime-status] [17424] firebase-admin has been stubbed. {"adminResolution":{"declared":true,"installed":true,"version":"12.7.0","resolution":"C:\\Users\\PLOTAGEM01\\desenhar\\functions\\node_modules\\firebase-admin\\lib\\index.js"}} {"metadata":{"emulator":{"name":"functions"},"function":{"name":"southamerica-east1-controlePedidosApi"},"extension":{},"message":"[runtime-status] [17424] firebase-admin has been stubbed. {\"adminResolution\":{\"declared\":true,\"installed\":true,\"version\":\"12.7.0\",\"resolution\":\"C:\\\\Users\\\\PLOTAGEM01\\\\desenhar\\\\functions\\\\node_modules\\\\firebase-admin\\\\lib\\\\index.js\"}}"}}
[debug] [2025-10-10T18:34:22.457Z] [runtime-status] [17424] initializeApp(DEFAULT) {"storageBucket":"gestaopedidos-desenhar.firebasestorage.app","projectId":"gestaopedidos-desenhar"} {"metadata":{"emulator":{"name":"functions"},"function":{"name":"southamerica-east1-controlePedidosApi"},"extension":{},"message":"[runtime-status] [17424] initializeApp(DEFAULT) {\"storageBucket\":\"gestaopedidos-desenhar.firebasestorage.app\",\"projectId\":\"gestaopedidos-desenhar\"}"}}
[debug] [2025-10-10T18:34:22.686Z] [runtime-status] [17424] Functions runtime initialized. {"cwd":"C:\\Users\\PLOTAGEM01\\desenhar\\functions","node_version":"22.14.0"} {"metadata":{"emulator":{"name":"functions"},"function":{"name":"southamerica-east1-controlePedidosApi"},"extension":{},"message":"[runtime-status] [17424] Functions runtime initialized. {\"cwd\":\"C:\\\\Users\\\\PLOTAGEM01\\\\desenhar\\\\functions\",\"node_version\":\"22.14.0\"}"}}
[debug] [2025-10-10T18:34:22.687Z] [runtime-status] [17424] Listening to port: \\?\pipe\fire_emu_3a42e7f0c08112ce {"metadata":{"emulator":{"name":"functions"},"function":{"name":"southamerica-east1-controlePedidosApi"},"extension":{},"message":"[runtime-status] [17424] Listening to port: \\\\?\\pipe\\fire_emu_3a42e7f0c08112ce"}}
[debug] [2025-10-10T18:34:22.723Z] [worker-southamerica-east1-controlePedidosApi-1e68f13b-0a1c-408e-9bef-cde03faf2138]: IDLE {"metadata":{"emulator":{"name":"functions"},"function":{"name":"southamerica-east1-controlePedidosApi"},"extension":{},"message":"[worker-southamerica-east1-controlePedidosApi-1e68f13b-0a1c-408e-9bef-cde03faf2138]: IDLE"}}
[debug] [2025-10-10T18:34:22.724Z] [worker-pool] submitRequest(triggerId=southamerica-east1-controlePedidosApi) {"metadata":{"emulator":{"name":"functions"},"message":"[worker-pool] submitRequest(triggerId=southamerica-east1-controlePedidosApi)"}}
[info] i  functions: Beginning execution of "southamerica-east1-controlePedidosApi" {"metadata":{"emulator":{"name":"functions"},"function":{"name":"southamerica-east1-controlePedidosApi"},"extension":{},"message":"Beginning execution of \"southamerica-east1-controlePedidosApi\""}}
[debug] [2025-10-10T18:34:22.724Z] [worker-southamerica-east1-controlePedidosApi-ac35cf45-b820-4962-9dad-83f7e6b871f9]: BUSY {"metadata":{"emulator":{"name":"functions"},"function":{"name":"southamerica-east1-controlePedidosApi"},"extension":{},"message":"[worker-southamerica-east1-controlePedidosApi-ac35cf45-b820-4962-9dad-83f7e6b871f9]: BUSY"}}
[debug] [2025-10-10T18:34:22.726Z] Finishing up request with event=pause {"metadata":{"emulator":{"name":"functions"},"function":{"name":"southamerica-east1-controlePedidosApi"},"extension":{},"message":"Finishing up request with event=pause"}}
[info] i  functions: Finished "southamerica-east1-controlePedidosApi" in 2.0887ms {"metadata":{"emulator":{"name":"functions"},"function":{"name":"southamerica-east1-controlePedidosApi"},"extension":{},"message":"Finished \"southamerica-east1-controlePedidosApi\" in 2.0887ms"}}
[debug] [2025-10-10T18:34:22.728Z] [worker-southamerica-east1-controlePedidosApi-ac35cf45-b820-4962-9dad-83f7e6b871f9]: IDLE {"metadata":{"emulator":{"name":"functions"},"function":{"name":"southamerica-east1-controlePedidosApi"},"extension":{},"message":"[worker-southamerica-east1-controlePedidosApi-ac35cf45-b820-4962-9dad-83f7e6b871f9]: IDLE"}}
[debug] [2025-10-10T18:34:22.728Z] Finishing up request with event=finish {"metadata":{"emulator":{"name":"functions"},"function":{"name":"southamerica-east1-controlePedidosApi"},"extension":{},"message":"Finishing up request with event=finish"}}
[debug] [2025-10-10T18:34:22.728Z] Finishing up request with event=close {"metadata":{"emulator":{"name":"functions"},"function":{"name":"southamerica-east1-controlePedidosApi"},"extension":{},"message":"Finishing up request with event=close"}}
[debug] [2025-10-10T18:34:22.729Z] [work-queue] {"queuedWork":[],"queueLength":0,"runningWork":[],"workRunningCount":0}
[debug] [2025-10-10T18:34:22.730Z] [work-queue] {"queuedWork":["/gestaopedidos-desenhar/southamerica-east1/controlePedidosApi/relatorios/buscarPedidos-2025-10-10T18:34:22.730Z"],"queueLength":1,"runningWork":[],"workRunningCount":0}
[debug] [2025-10-10T18:34:22.730Z] [work-queue] {"queuedWork":[],"queueLength":0,"runningWork":["/gestaopedidos-desenhar/southamerica-east1/controlePedidosApi/relatorios/buscarPedidos-2025-10-10T18:34:22.730Z"],"workRunningCount":1}
[debug] [2025-10-10T18:34:22.730Z] Accepted request GET /gestaopedidos-desenhar/southamerica-east1/controlePedidosApi/relatorios/buscarPedidos?filtroTipo=&filtroSubTipo=&filtroStatus=&filtroCliente=&filtroResponsavelUid=&dataInicioInclusao=&dataFimInclusao=&dataInicioRetirada=2025-10-10&dataFimRetirada=2025-10-10&itensPorPagina=20&lastEntrega=1760126400000&lastId=h4ekGuClJnKVAeD2fz5X --> southamerica-east1-controlePedidosApi
[debug] [2025-10-10T18:34:22.731Z] [functions] Runtime ready! Sending request! {"metadata":{"emulator":{"name":"functions"},"message":"[functions] Runtime ready! Sending request!"}}
[debug] [2025-10-10T18:34:22.731Z] [functions] Got req.url=/gestaopedidos-desenhar/southamerica-east1/controlePedidosApi/relatorios/buscarPedidos?filtroTipo=&filtroSubTipo=&filtroStatus=&filtroCliente=&filtroResponsavelUid=&dataInicioInclusao=&dataFimInclusao=&dataInicioRetirada=2025-10-10&dataFimRetirada=2025-10-10&itensPorPagina=20&lastEntrega=1760126400000&lastId=h4ekGuClJnKVAeD2fz5X, mapping to path=/relatorios/buscarPedidos?filtroTipo=&filtroSubTipo=&filtroStatus=&filtroCliente=&filtroResponsavelUid=&dataInicioInclusao=&dataFimInclusao=&dataInicioRetirada=2025-10-10&dataFimRetirada=2025-10-10&itensPorPagina=20&lastEntrega=1760126400000&lastId=h4ekGuClJnKVAeD2fz5X {"metadata":{"emulator":{"name":"functions"},"message":"[functions] Got req.url=/gestaopedidos-desenhar/southamerica-east1/controlePedidosApi/relatorios/buscarPedidos?filtroTipo=&filtroSubTipo=&filtroStatus=&filtroCliente=&filtroResponsavelUid=&dataInicioInclusao=&dataFimInclusao=&dataInicioRetirada=2025-10-10&dataFimRetirada=2025-10-10&itensPorPagina=20&lastEntrega=1760126400000&lastId=h4ekGuClJnKVAeD2fz5X, mapping to path=/relatorios/buscarPedidos?filtroTipo=&filtroSubTipo=&filtroStatus=&filtroCliente=&filtroResponsavelUid=&dataInicioInclusao=&dataFimInclusao=&dataInicioRetirada=2025-10-10&dataFimRetirada=2025-10-10&itensPorPagina=20&lastEntrega=1760126400000&lastId=h4ekGuClJnKVAeD2fz5X"}}
[debug] [2025-10-10T18:34:22.731Z] [worker-pool] submitRequest(triggerId=southamerica-east1-controlePedidosApi) {"metadata":{"emulator":{"name":"functions"},"message":"[worker-pool] submitRequest(triggerId=southamerica-east1-controlePedidosApi)"}}
[info] i  functions: Beginning execution of "southamerica-east1-controlePedidosApi" {"metadata":{"emulator":{"name":"functions"},"function":{"name":"southamerica-east1-controlePedidosApi"},"extension":{},"message":"Beginning execution of \"southamerica-east1-controlePedidosApi\""}}
[debug] [2025-10-10T18:34:22.732Z] [worker-southamerica-east1-controlePedidosApi-ac35cf45-b820-4962-9dad-83f7e6b871f9]: BUSY {"metadata":{"emulator":{"name":"functions"},"function":{"name":"southamerica-east1-controlePedidosApi"},"extension":{},"message":"[worker-southamerica-east1-controlePedidosApi-ac35cf45-b820-4962-9dad-83f7e6b871f9]: BUSY"}}
[info] >  [Relatórios] Filtros: { {"user":"[Relatórios] Filtros: {","metadata":{"emulator":{"name":"functions"},"function":{"name":"southamerica-east1-controlePedidosApi"},"extension":{},"message":"\u001b[90m> \u001b[39m [Relatórios] Filtros: {"}}
[info] >    filtroTipo: '', {"user":"  filtroTipo: '',","metadata":{"emulator":{"name":"functions"},"function":{"name":"southamerica-east1-controlePedidosApi"},"extension":{},"message":"\u001b[90m> \u001b[39m   filtroTipo: '',"}}
[info] >    filtroSubTipo: '', {"user":"  filtroSubTipo: '',","metadata":{"emulator":{"name":"functions"},"function":{"name":"southamerica-east1-controlePedidosApi"},"extension":{},"message":"\u001b[90m> \u001b[39m   filtroSubTipo: '',"}}
[info] >    filtroStatus: '', {"user":"  filtroStatus: '',","metadata":{"emulator":{"name":"functions"},"function":{"name":"southamerica-east1-controlePedidosApi"},"extension":{},"message":"\u001b[90m> \u001b[39m   filtroStatus: '',"}}
[info] >    filtroCliente: '', {"user":"  filtroCliente: '',","metadata":{"emulator":{"name":"functions"},"function":{"name":"southamerica-east1-controlePedidosApi"},"extension":{},"message":"\u001b[90m> \u001b[39m   filtroCliente: '',"}}
[info] >    filtroResponsavelUid: '', {"user":"  filtroResponsavelUid: '',","metadata":{"emulator":{"name":"functions"},"function":{"name":"southamerica-east1-controlePedidosApi"},"extension":{},"message":"\u001b[90m> \u001b[39m   filtroResponsavelUid: '',"}}
[info] >    dataInicioInclusao: '', {"user":"  dataInicioInclusao: '',","metadata":{"emulator":{"name":"functions"},"function":{"name":"southamerica-east1-controlePedidosApi"},"extension":{},"message":"\u001b[90m> \u001b[39m   dataInicioInclusao: '',"}}
[info] >    dataFimInclusao: '', {"user":"  dataFimInclusao: '',","metadata":{"emulator":{"name":"functions"},"function":{"name":"southamerica-east1-controlePedidosApi"},"extension":{},"message":"\u001b[90m> \u001b[39m   dataFimInclusao: '',"}}
[info] >    dataInicioRetirada: '2025-10-10', {"user":"  dataInicioRetirada: '2025-10-10',","metadata":{"emulator":{"name":"functions"},"function":{"name":"southamerica-east1-controlePedidosApi"},"extension":{},"message":"\u001b[90m> \u001b[39m   dataInicioRetirada: '2025-10-10',"}}
[info] >    dataFimRetirada: '2025-10-10', {"user":"  dataFimRetirada: '2025-10-10',","metadata":{"emulator":{"name":"functions"},"function":{"name":"southamerica-east1-controlePedidosApi"},"extension":{},"message":"\u001b[90m> \u001b[39m   dataFimRetirada: '2025-10-10',"}}
[info] >    itensPorPagina: '20', {"user":"  itensPorPagina: '20',","metadata":{"emulator":{"name":"functions"},"function":{"name":"southamerica-east1-controlePedidosApi"},"extension":{},"message":"\u001b[90m> \u001b[39m   itensPorPagina: '20',"}}
[info] >    lastEntrega: '1760126400000', {"user":"  lastEntrega: '1760126400000',","metadata":{"emulator":{"name":"functions"},"function":{"name":"southamerica-east1-controlePedidosApi"},"extension":{},"message":"\u001b[90m> \u001b[39m   lastEntrega: '1760126400000',"}}
[info] >    lastId: 'h4ekGuClJnKVAeD2fz5X' {"user":"  lastId: 'h4ekGuClJnKVAeD2fz5X'","metadata":{"emulator":{"name":"functions"},"function":{"name":"southamerica-east1-controlePedidosApi"},"extension":{},"message":"\u001b[90m> \u001b[39m   lastId: 'h4ekGuClJnKVAeD2fz5X'"}}
[info] >  } | Pedidos retornados: 1 {"user":"} | Pedidos retornados: 1","metadata":{"emulator":{"name":"functions"},"function":{"name":"southamerica-east1-controlePedidosApi"},"extension":{},"message":"\u001b[90m> \u001b[39m } | Pedidos retornados: 1"}}
[debug] [2025-10-10T18:34:22.936Z] Finishing up request with event=pause {"metadata":{"emulator":{"name":"functions"},"function":{"name":"southamerica-east1-controlePedidosApi"},"extension":{},"message":"Finishing up request with event=pause"}}
[info] i  functions: Finished "southamerica-east1-controlePedidosApi" in 204.6124ms {"metadata":{"emulator":{"name":"functions"},"function":{"name":"southamerica-east1-controlePedidosApi"},"extension":{},"message":"Finished \"southamerica-east1-controlePedidosApi\" in 204.6124ms"}}
[debug] [2025-10-10T18:34:22.939Z] [worker-southamerica-east1-controlePedidosApi-ac35cf45-b820-4962-9dad-83f7e6b871f9]: IDLE {"metadata":{"emulator":{"name":"functions"},"function":{"name":"southamerica-east1-controlePedidosApi"},"extension":{},"message":"[worker-southamerica-east1-controlePedidosApi-ac35cf45-b820-4962-9dad-83f7e6b871f9]: IDLE"}}
[debug] [2025-10-10T18:34:22.939Z] Finishing up request with event=finish {"metadata":{"emulator":{"name":"functions"},"function":{"name":"southamerica-east1-controlePedidosApi"},"extension":{},"message":"Finishing up request with event=finish"}}
[debug] [2025-10-10T18:34:22.940Z] Finishing up request with event=close {"metadata":{"emulator":{"name":"functions"},"function":{"name":"southamerica-east1-controlePedidosApi"},"extension":{},"message":"Finishing up request with event=close"}}
[debug] [2025-10-10T18:34:22.940Z] [work-queue] {"queuedWork":[],"queueLength":0,"runningWork":[],"workRunningCount":0}
[debug] [2025-10-10T18:35:29.666Z] File C:\Users\PLOTAGEM01\desenhar\functions\package-lock.json changed, reloading triggers {"metadata":{"emulator":{"name":"functions"},"message":"File C:\\Users\\PLOTAGEM01\\desenhar\\functions\\package-lock.json changed, reloading triggers"}}
[debug] [2025-10-10T18:35:29.734Z] File C:\Users\PLOTAGEM01\desenhar\functions\package-lock.json changed, reloading triggers {"metadata":{"emulator":{"name":"functions"},"message":"File C:\\Users\\PLOTAGEM01\\desenhar\\functions\\package-lock.json changed, reloading triggers"}}
[debug] [2025-10-10T18:35:30.755Z] Validating nodejs source
[warn] !  functions: package.json indicates an outdated version of firebase-functions. Please upgrade using npm install --save firebase-functions@latest in your functions directory. 
[debug] [2025-10-10T18:35:33.165Z] > [functions] package.json contents: {
  "name": "functions",
  "scripts": {
    "lint": "eslint .",
    "build": "tsc",
    "build:watch": "tsc --watch",
    "serve": "npm run build && firebase emulators:start --only functions",
    "shell": "npm run build && firebase functions:shell",
    "start": "npm run shell",
    "deploy": "firebase deploy --only functions",
    "logs": "firebase functions:log"
  },
  "engines": {
    "node": "20"
  },
  "main": "lib/index.js",
  "dependencies": {
    "axios": "^1.12.2",
    "express": "^4.18.2",
    "firebase-admin": "^12.6.0",
    "firebase-functions": "^6.4.0"
  },
  "devDependencies": {
    "@ljharb/tsconfig": "^0.3.2",
    "@typescript-eslint/eslint-plugin": "^5.12.0",
    "@typescript-eslint/parser": "^5.12.0",
    "eslint": "^8.9.0",
    "eslint-config-google": "^0.14.0",
    "eslint-plugin-import": "^2.25.4",
    "firebase-functions-test": "^3.1.0",
    "typescript": "^5.7.3"
  },
  "private": true
}
[debug] [2025-10-10T18:35:33.165Z] Building nodejs source
[debug] [2025-10-10T18:35:33.165Z] Failed to find version of module node: reached end of search path C:\Users\PLOTAGEM01\desenhar\functions\node_modules
[warn] !  functions: Your requested "node" version "20" doesn't match your global version "22". Using node@22 from host. 
[info] i  functions: Loaded environment variables from .env. 
[debug] [2025-10-10T18:35:33.179Z] Could not find functions.yaml. Must use http discovery
[debug] [2025-10-10T18:35:33.188Z] Found firebase-functions binary at 'C:\Users\PLOTAGEM01\desenhar\functions\node_modules\.bin\firebase-functions'
[info] Serving at port 8548

[debug] [2025-10-10T18:35:35.586Z] Got response from /__/functions.yaml {"endpoints":{"atendimentoApi":{"availableMemoryMb":null,"timeoutSeconds":null,"minInstances":null,"maxInstances":null,"ingressSettings":null,"concurrency":null,"serviceAccountEmail":null,"vpc":null,"platform":"gcfv2","region":["southamerica-east1"],"labels":{},"httpsTrigger":{},"entryPoint":"atendimentoApi"},"controlePedidosApi":{"availableMemoryMb":null,"timeoutSeconds":null,"minInstances":null,"maxInstances":null,"ingressSettings":null,"concurrency":null,"serviceAccountEmail":null,"vpc":null,"platform":"gcfv2","region":["southamerica-east1"],"labels":{},"httpsTrigger":{},"entryPoint":"controlePedidosApi"}},"specVersion":"v1alpha1","requiredAPIs":[],"extensions":{}}
[info] +  functions: Loaded functions definitions from source: atendimentoApi, controlePedidosApi. {"metadata":{"emulator":{"name":"functions"},"message":"Loaded functions definitions from source: atendimentoApi, controlePedidosApi."}}
[debug] [2025-10-10T18:35:39.658Z] [worker-pool] Shutting down IDLE worker (southamerica-east1-controlePedidosApi) {"metadata":{"emulator":{"name":"functions"},"message":"[worker-pool] Shutting down IDLE worker (southamerica-east1-controlePedidosApi)"}}
[debug] [2025-10-10T18:35:39.658Z] [worker-southamerica-east1-controlePedidosApi-ac35cf45-b820-4962-9dad-83f7e6b871f9]: FINISHING {"metadata":{"emulator":{"name":"functions"},"function":{"name":"southamerica-east1-controlePedidosApi"},"extension":{},"message":"[worker-southamerica-east1-controlePedidosApi-ac35cf45-b820-4962-9dad-83f7e6b871f9]: FINISHING"}}
[debug] [2025-10-10T18:35:39.658Z] [worker-pool] Shutting down IDLE worker (southamerica-east1-controlePedidosApi) {"metadata":{"emulator":{"name":"functions"},"message":"[worker-pool] Shutting down IDLE worker (southamerica-east1-controlePedidosApi)"}}
[debug] [2025-10-10T18:35:39.658Z] [worker-southamerica-east1-controlePedidosApi-1e68f13b-0a1c-408e-9bef-cde03faf2138]: FINISHING {"metadata":{"emulator":{"name":"functions"},"function":{"name":"southamerica-east1-controlePedidosApi"},"extension":{},"message":"[worker-southamerica-east1-controlePedidosApi-1e68f13b-0a1c-408e-9bef-cde03faf2138]: FINISHING"}}
[debug] [2025-10-10T18:35:39.673Z] [worker-southamerica-east1-controlePedidosApi-1e68f13b-0a1c-408e-9bef-cde03faf2138]: exited {"metadata":{"emulator":{"name":"functions"},"function":{"name":"southamerica-east1-controlePedidosApi"},"extension":{},"message":"[worker-southamerica-east1-controlePedidosApi-1e68f13b-0a1c-408e-9bef-cde03faf2138]: exited"}}
[debug] [2025-10-10T18:35:39.673Z] [worker-southamerica-east1-controlePedidosApi-1e68f13b-0a1c-408e-9bef-cde03faf2138]: FINISHED {"metadata":{"emulator":{"name":"functions"},"function":{"name":"southamerica-east1-controlePedidosApi"},"extension":{},"message":"[worker-southamerica-east1-controlePedidosApi-1e68f13b-0a1c-408e-9bef-cde03faf2138]: FINISHED"}}
[debug] [2025-10-10T18:35:39.674Z] [worker-southamerica-east1-controlePedidosApi-ac35cf45-b820-4962-9dad-83f7e6b871f9]: exited {"metadata":{"emulator":{"name":"functions"},"function":{"name":"southamerica-east1-controlePedidosApi"},"extension":{},"message":"[worker-southamerica-east1-controlePedidosApi-ac35cf45-b820-4962-9dad-83f7e6b871f9]: exited"}}
[debug] [2025-10-10T18:35:39.674Z] [worker-southamerica-east1-controlePedidosApi-ac35cf45-b820-4962-9dad-83f7e6b871f9]: FINISHED {"metadata":{"emulator":{"name":"functions"},"function":{"name":"southamerica-east1-controlePedidosApi"},"extension":{},"message":"[worker-southamerica-east1-controlePedidosApi-ac35cf45-b820-4962-9dad-83f7e6b871f9]: FINISHED"}}
[debug] [2025-10-10T18:39:31.952Z] File C:\Users\PLOTAGEM01\desenhar\functions\package-lock.json changed, reloading triggers {"metadata":{"emulator":{"name":"functions"},"message":"File C:\\Users\\PLOTAGEM01\\desenhar\\functions\\package-lock.json changed, reloading triggers"}}
[debug] [2025-10-10T18:39:32.070Z] File C:\Users\PLOTAGEM01\desenhar\functions\package-lock.json changed, reloading triggers {"metadata":{"emulator":{"name":"functions"},"message":"File C:\\Users\\PLOTAGEM01\\desenhar\\functions\\package-lock.json changed, reloading triggers"}}
[debug] [2025-10-10T18:39:33.083Z] Validating nodejs source
[warn] !  functions: package.json indicates an outdated version of firebase-functions. Please upgrade using npm install --save firebase-functions@latest in your functions directory. 
[debug] [2025-10-10T18:39:35.115Z] > [functions] package.json contents: {
  "name": "functions",
  "scripts": {
    "lint": "eslint .",
    "build": "tsc",
    "build:watch": "tsc --watch",
    "serve": "npm run build && firebase emulators:start --only functions",
    "shell": "npm run build && firebase functions:shell",
    "start": "npm run shell",
    "deploy": "firebase deploy --only functions",
    "logs": "firebase functions:log"
  },
  "engines": {
    "node": "20"
  },
  "main": "lib/index.js",
  "dependencies": {
    "axios": "^1.12.2",
    "express": "^4.18.2",
    "firebase-admin": "^12.6.0",
    "firebase-functions": "^6.4.0"
  },
  "devDependencies": {
    "@ljharb/tsconfig": "^0.3.2",
    "@typescript-eslint/eslint-plugin": "^5.12.0",
    "@typescript-eslint/parser": "^5.12.0",
    "eslint": "^8.9.0",
    "eslint-config-google": "^0.14.0",
    "eslint-plugin-import": "^2.25.4",
    "firebase-functions-test": "^3.1.0",
    "typescript": "^5.7.3"
  },
  "private": true
}
[debug] [2025-10-10T18:39:35.115Z] Building nodejs source
[debug] [2025-10-10T18:39:35.116Z] Failed to find version of module node: reached end of search path C:\Users\PLOTAGEM01\desenhar\functions\node_modules
[warn] !  functions: Your requested "node" version "20" doesn't match your global version "22". Using node@22 from host. 
[info] i  functions: Loaded environment variables from .env. 
[debug] [2025-10-10T18:39:35.154Z] Could not find functions.yaml. Must use http discovery
[debug] [2025-10-10T18:39:35.166Z] Found firebase-functions binary at 'C:\Users\PLOTAGEM01\desenhar\functions\node_modules\.bin\firebase-functions'
[info] Serving at port 8104

[debug] [2025-10-10T18:39:37.963Z] Got response from /__/functions.yaml {"endpoints":{"atendimentoApi":{"availableMemoryMb":null,"timeoutSeconds":null,"minInstances":null,"maxInstances":null,"ingressSettings":null,"concurrency":null,"serviceAccountEmail":null,"vpc":null,"platform":"gcfv2","region":["southamerica-east1"],"labels":{},"httpsTrigger":{},"entryPoint":"atendimentoApi"},"controlePedidosApi":{"availableMemoryMb":null,"timeoutSeconds":null,"minInstances":null,"maxInstances":null,"ingressSettings":null,"concurrency":null,"serviceAccountEmail":null,"vpc":null,"platform":"gcfv2","region":["southamerica-east1"],"labels":{},"httpsTrigger":{},"entryPoint":"controlePedidosApi"}},"specVersion":"v1alpha1","requiredAPIs":[],"extensions":{}}
[info] +  functions: Loaded functions definitions from source: atendimentoApi, controlePedidosApi. {"metadata":{"emulator":{"name":"functions"},"message":"Loaded functions definitions from source: atendimentoApi, controlePedidosApi."}}
[debug] [2025-10-10T18:41:45.905Z] [work-queue] {"queuedWork":["/gestaopedidos-desenhar/southamerica-east1/controlePedidosApi/relatorios/buscarPedidos-2025-10-10T18:41:45.905Z"],"queueLength":1,"runningWork":[],"workRunningCount":0}
[debug] [2025-10-10T18:41:45.905Z] [work-queue] {"queuedWork":[],"queueLength":0,"runningWork":["/gestaopedidos-desenhar/southamerica-east1/controlePedidosApi/relatorios/buscarPedidos-2025-10-10T18:41:45.905Z"],"workRunningCount":1}
[debug] [2025-10-10T18:41:45.905Z] Accepted request OPTIONS /gestaopedidos-desenhar/southamerica-east1/controlePedidosApi/relatorios/buscarPedidos?filtroTipo=&filtroSubTipo=&filtroStatus=&filtroCliente=&filtroResponsavelUid=&dataInicioInclusao=&dataFimInclusao=&dataInicioRetirada=2025-10-10&dataFimRetirada=2025-10-10&itensPorPagina=1000 --> southamerica-east1-controlePedidosApi
[debug] [2025-10-10T18:41:45.908Z] [functions] Runtime ready! Sending request! {"metadata":{"emulator":{"name":"functions"},"message":"[functions] Runtime ready! Sending request!"}}
[debug] [2025-10-10T18:41:45.909Z] [functions] Got req.url=/gestaopedidos-desenhar/southamerica-east1/controlePedidosApi/relatorios/buscarPedidos?filtroTipo=&filtroSubTipo=&filtroStatus=&filtroCliente=&filtroResponsavelUid=&dataInicioInclusao=&dataFimInclusao=&dataInicioRetirada=2025-10-10&dataFimRetirada=2025-10-10&itensPorPagina=1000, mapping to path=/relatorios/buscarPedidos?filtroTipo=&filtroSubTipo=&filtroStatus=&filtroCliente=&filtroResponsavelUid=&dataInicioInclusao=&dataFimInclusao=&dataInicioRetirada=2025-10-10&dataFimRetirada=2025-10-10&itensPorPagina=1000 {"metadata":{"emulator":{"name":"functions"},"message":"[functions] Got req.url=/gestaopedidos-desenhar/southamerica-east1/controlePedidosApi/relatorios/buscarPedidos?filtroTipo=&filtroSubTipo=&filtroStatus=&filtroCliente=&filtroResponsavelUid=&dataInicioInclusao=&dataFimInclusao=&dataInicioRetirada=2025-10-10&dataFimRetirada=2025-10-10&itensPorPagina=1000, mapping to path=/relatorios/buscarPedidos?filtroTipo=&filtroSubTipo=&filtroStatus=&filtroCliente=&filtroResponsavelUid=&dataInicioInclusao=&dataFimInclusao=&dataInicioRetirada=2025-10-10&dataFimRetirada=2025-10-10&itensPorPagina=1000"}}
[debug] [2025-10-10T18:41:45.909Z] [worker-pool] Cleaned up workers for southamerica-east1-controlePedidosApi: 2 --> 0 {"metadata":{"emulator":{"name":"functions"},"message":"[worker-pool] Cleaned up workers for southamerica-east1-controlePedidosApi: 2 --> 0"}}
[info] i  functions: Loaded environment variables from .env. 
[debug] [2025-10-10T18:41:45.916Z] [worker-pool] addWorker(southamerica-east1-controlePedidosApi) {"metadata":{"emulator":{"name":"functions"},"message":"[worker-pool] addWorker(southamerica-east1-controlePedidosApi)"}}
[debug] [2025-10-10T18:41:45.917Z] [worker-pool] Adding worker with key southamerica-east1-controlePedidosApi, total=1 {"metadata":{"emulator":{"name":"functions"},"message":"[worker-pool] Adding worker with key southamerica-east1-controlePedidosApi, total=1"}}
[debug] [2025-10-10T18:41:48.345Z] [runtime-status] [8072] Resolved module firebase-admin {"declared":true,"installed":true,"version":"12.7.0","resolution":"C:\\Users\\PLOTAGEM01\\desenhar\\functions\\node_modules\\firebase-admin\\lib\\index.js"} {"metadata":{"emulator":{"name":"functions"},"function":{"name":"southamerica-east1-controlePedidosApi"},"extension":{},"message":"[runtime-status] [8072] Resolved module firebase-admin {\"declared\":true,\"installed\":true,\"version\":\"12.7.0\",\"resolution\":\"C:\\\\Users\\\\PLOTAGEM01\\\\desenhar\\\\functions\\\\node_modules\\\\firebase-admin\\\\lib\\\\index.js\"}"}}
[debug] [2025-10-10T18:41:48.348Z] [runtime-status] [8072] Resolved module firebase-functions {"declared":true,"installed":true,"version":"6.4.0","resolution":"C:\\Users\\PLOTAGEM01\\desenhar\\functions\\node_modules\\firebase-functions\\lib\\v2\\index.js"} {"metadata":{"emulator":{"name":"functions"},"function":{"name":"southamerica-east1-controlePedidosApi"},"extension":{},"message":"[runtime-status] [8072] Resolved module firebase-functions {\"declared\":true,\"installed\":true,\"version\":\"6.4.0\",\"resolution\":\"C:\\\\Users\\\\PLOTAGEM01\\\\desenhar\\\\functions\\\\node_modules\\\\firebase-functions\\\\lib\\\\v2\\\\index.js\"}"}}
[debug] [2025-10-10T18:41:48.348Z] [runtime-status] [8072] Outgoing network have been stubbed. [{"name":"http","status":"mocked"},{"name":"http","status":"mocked"},{"name":"https","status":"mocked"},{"name":"https","status":"mocked"},{"name":"net","status":"mocked"}] {"metadata":{"emulator":{"name":"functions"},"function":{"name":"southamerica-east1-controlePedidosApi"},"extension":{},"message":"[runtime-status] [8072] Outgoing network have been stubbed. [{\"name\":\"http\",\"status\":\"mocked\"},{\"name\":\"http\",\"status\":\"mocked\"},{\"name\":\"https\",\"status\":\"mocked\"},{\"name\":\"https\",\"status\":\"mocked\"},{\"name\":\"net\",\"status\":\"mocked\"}]"}}
[debug] [2025-10-10T18:41:48.349Z] [runtime-status] [8072] Resolved module firebase-functions {"declared":true,"installed":true,"version":"6.4.0","resolution":"C:\\Users\\PLOTAGEM01\\desenhar\\functions\\node_modules\\firebase-functions\\lib\\v2\\index.js"} {"metadata":{"emulator":{"name":"functions"},"function":{"name":"southamerica-east1-controlePedidosApi"},"extension":{},"message":"[runtime-status] [8072] Resolved module firebase-functions {\"declared\":true,\"installed\":true,\"version\":\"6.4.0\",\"resolution\":\"C:\\\\Users\\\\PLOTAGEM01\\\\desenhar\\\\functions\\\\node_modules\\\\firebase-functions\\\\lib\\\\v2\\\\index.js\"}"}}
[debug] [2025-10-10T18:41:49.109Z] [runtime-status] [8072] Checked functions.config() {"config":{}} {"metadata":{"emulator":{"name":"functions"},"function":{"name":"southamerica-east1-controlePedidosApi"},"extension":{},"message":"[runtime-status] [8072] Checked functions.config() {\"config\":{}}"}}
[debug] [2025-10-10T18:41:49.109Z] [runtime-status] [8072] firebase-functions has been stubbed. {"functionsResolution":{"declared":true,"installed":true,"version":"6.4.0","resolution":"C:\\Users\\PLOTAGEM01\\desenhar\\functions\\node_modules\\firebase-functions\\lib\\v2\\index.js"}} {"metadata":{"emulator":{"name":"functions"},"function":{"name":"southamerica-east1-controlePedidosApi"},"extension":{},"message":"[runtime-status] [8072] firebase-functions has been stubbed. {\"functionsResolution\":{\"declared\":true,\"installed\":true,\"version\":\"6.4.0\",\"resolution\":\"C:\\\\Users\\\\PLOTAGEM01\\\\desenhar\\\\functions\\\\node_modules\\\\firebase-functions\\\\lib\\\\v2\\\\index.js\"}}"}}
[debug] [2025-10-10T18:41:49.112Z] [runtime-status] [8072] Resolved module firebase-functions {"declared":true,"installed":true,"version":"6.4.0","resolution":"C:\\Users\\PLOTAGEM01\\desenhar\\functions\\node_modules\\firebase-functions\\lib\\v2\\index.js"} {"metadata":{"emulator":{"name":"functions"},"function":{"name":"southamerica-east1-controlePedidosApi"},"extension":{},"message":"[runtime-status] [8072] Resolved module firebase-functions {\"declared\":true,\"installed\":true,\"version\":\"6.4.0\",\"resolution\":\"C:\\\\Users\\\\PLOTAGEM01\\\\desenhar\\\\functions\\\\node_modules\\\\firebase-functions\\\\lib\\\\v2\\\\index.js\"}"}}
[debug] [2025-10-10T18:41:49.121Z] [runtime-status] [8072] Resolved module firebase-admin {"declared":true,"installed":true,"version":"12.7.0","resolution":"C:\\Users\\PLOTAGEM01\\desenhar\\functions\\node_modules\\firebase-admin\\lib\\index.js"} {"metadata":{"emulator":{"name":"functions"},"function":{"name":"southamerica-east1-controlePedidosApi"},"extension":{},"message":"[runtime-status] [8072] Resolved module firebase-admin {\"declared\":true,\"installed\":true,\"version\":\"12.7.0\",\"resolution\":\"C:\\\\Users\\\\PLOTAGEM01\\\\desenhar\\\\functions\\\\node_modules\\\\firebase-admin\\\\lib\\\\index.js\"}"}}
[debug] [2025-10-10T18:41:49.125Z] [runtime-status] [8072] Resolved module firebase-functions {"declared":true,"installed":true,"version":"6.4.0","resolution":"C:\\Users\\PLOTAGEM01\\desenhar\\functions\\node_modules\\firebase-functions\\lib\\v2\\index.js"} {"metadata":{"emulator":{"name":"functions"},"function":{"name":"southamerica-east1-controlePedidosApi"},"extension":{},"message":"[runtime-status] [8072] Resolved module firebase-functions {\"declared\":true,\"installed\":true,\"version\":\"6.4.0\",\"resolution\":\"C:\\\\Users\\\\PLOTAGEM01\\\\desenhar\\\\functions\\\\node_modules\\\\firebase-functions\\\\lib\\\\v2\\\\index.js\"}"}}
[debug] [2025-10-10T18:41:49.126Z] [runtime-status] [8072] firebase-admin has been stubbed. {"adminResolution":{"declared":true,"installed":true,"version":"12.7.0","resolution":"C:\\Users\\PLOTAGEM01\\desenhar\\functions\\node_modules\\firebase-admin\\lib\\index.js"}} {"metadata":{"emulator":{"name":"functions"},"function":{"name":"southamerica-east1-controlePedidosApi"},"extension":{},"message":"[runtime-status] [8072] firebase-admin has been stubbed. {\"adminResolution\":{\"declared\":true,\"installed\":true,\"version\":\"12.7.0\",\"resolution\":\"C:\\\\Users\\\\PLOTAGEM01\\\\desenhar\\\\functions\\\\node_modules\\\\firebase-admin\\\\lib\\\\index.js\"}}"}}
[debug] [2025-10-10T18:41:49.130Z] [runtime-status] [8072] initializeApp(DEFAULT) {"storageBucket":"gestaopedidos-desenhar.firebasestorage.app","projectId":"gestaopedidos-desenhar"} {"metadata":{"emulator":{"name":"functions"},"function":{"name":"southamerica-east1-controlePedidosApi"},"extension":{},"message":"[runtime-status] [8072] initializeApp(DEFAULT) {\"storageBucket\":\"gestaopedidos-desenhar.firebasestorage.app\",\"projectId\":\"gestaopedidos-desenhar\"}"}}
[debug] [2025-10-10T18:41:49.433Z] [runtime-status] [8072] Functions runtime initialized. {"cwd":"C:\\Users\\PLOTAGEM01\\desenhar\\functions","node_version":"22.14.0"} {"metadata":{"emulator":{"name":"functions"},"function":{"name":"southamerica-east1-controlePedidosApi"},"extension":{},"message":"[runtime-status] [8072] Functions runtime initialized. {\"cwd\":\"C:\\\\Users\\\\PLOTAGEM01\\\\desenhar\\\\functions\",\"node_version\":\"22.14.0\"}"}}
[debug] [2025-10-10T18:41:49.433Z] [runtime-status] [8072] Listening to port: \\?\pipe\fire_emu_44ff6b9c9ac767c2 {"metadata":{"emulator":{"name":"functions"},"function":{"name":"southamerica-east1-controlePedidosApi"},"extension":{},"message":"[runtime-status] [8072] Listening to port: \\\\?\\pipe\\fire_emu_44ff6b9c9ac767c2"}}
[debug] [2025-10-10T18:41:49.547Z] [worker-southamerica-east1-controlePedidosApi-46816135-340f-4377-a72d-6960ba046413]: IDLE {"metadata":{"emulator":{"name":"functions"},"function":{"name":"southamerica-east1-controlePedidosApi"},"extension":{},"message":"[worker-southamerica-east1-controlePedidosApi-46816135-340f-4377-a72d-6960ba046413]: IDLE"}}
[debug] [2025-10-10T18:41:49.547Z] [worker-pool] submitRequest(triggerId=southamerica-east1-controlePedidosApi) {"metadata":{"emulator":{"name":"functions"},"message":"[worker-pool] submitRequest(triggerId=southamerica-east1-controlePedidosApi)"}}
[info] i  functions: Beginning execution of "southamerica-east1-controlePedidosApi" {"metadata":{"emulator":{"name":"functions"},"function":{"name":"southamerica-east1-controlePedidosApi"},"extension":{},"message":"Beginning execution of \"southamerica-east1-controlePedidosApi\""}}
[debug] [2025-10-10T18:41:49.548Z] [worker-southamerica-east1-controlePedidosApi-46816135-340f-4377-a72d-6960ba046413]: BUSY {"metadata":{"emulator":{"name":"functions"},"function":{"name":"southamerica-east1-controlePedidosApi"},"extension":{},"message":"[worker-southamerica-east1-controlePedidosApi-46816135-340f-4377-a72d-6960ba046413]: BUSY"}}
[debug] [2025-10-10T18:41:49.553Z] Finishing up request with event=pause {"metadata":{"emulator":{"name":"functions"},"function":{"name":"southamerica-east1-controlePedidosApi"},"extension":{},"message":"Finishing up request with event=pause"}}
[info] i  functions: Finished "southamerica-east1-controlePedidosApi" in 6.1829ms {"metadata":{"emulator":{"name":"functions"},"function":{"name":"southamerica-east1-controlePedidosApi"},"extension":{},"message":"Finished \"southamerica-east1-controlePedidosApi\" in 6.1829ms"}}
[debug] [2025-10-10T18:41:49.555Z] [worker-southamerica-east1-controlePedidosApi-46816135-340f-4377-a72d-6960ba046413]: IDLE {"metadata":{"emulator":{"name":"functions"},"function":{"name":"southamerica-east1-controlePedidosApi"},"extension":{},"message":"[worker-southamerica-east1-controlePedidosApi-46816135-340f-4377-a72d-6960ba046413]: IDLE"}}
[debug] [2025-10-10T18:41:49.555Z] Finishing up request with event=finish {"metadata":{"emulator":{"name":"functions"},"function":{"name":"southamerica-east1-controlePedidosApi"},"extension":{},"message":"Finishing up request with event=finish"}}
[debug] [2025-10-10T18:41:49.555Z] Finishing up request with event=close {"metadata":{"emulator":{"name":"functions"},"function":{"name":"southamerica-east1-controlePedidosApi"},"extension":{},"message":"Finishing up request with event=close"}}
[debug] [2025-10-10T18:41:49.555Z] [work-queue] {"queuedWork":[],"queueLength":0,"runningWork":[],"workRunningCount":0}
[debug] [2025-10-10T18:41:49.556Z] [work-queue] {"queuedWork":["/gestaopedidos-desenhar/southamerica-east1/controlePedidosApi/relatorios/buscarPedidos-2025-10-10T18:41:49.556Z"],"queueLength":1,"runningWork":[],"workRunningCount":0}
[debug] [2025-10-10T18:41:49.556Z] [work-queue] {"queuedWork":[],"queueLength":0,"runningWork":["/gestaopedidos-desenhar/southamerica-east1/controlePedidosApi/relatorios/buscarPedidos-2025-10-10T18:41:49.556Z"],"workRunningCount":1}
[debug] [2025-10-10T18:41:49.556Z] Accepted request GET /gestaopedidos-desenhar/southamerica-east1/controlePedidosApi/relatorios/buscarPedidos?filtroTipo=&filtroSubTipo=&filtroStatus=&filtroCliente=&filtroResponsavelUid=&dataInicioInclusao=&dataFimInclusao=&dataInicioRetirada=2025-10-10&dataFimRetirada=2025-10-10&itensPorPagina=1000 --> southamerica-east1-controlePedidosApi
[debug] [2025-10-10T18:41:49.557Z] [functions] Runtime ready! Sending request! {"metadata":{"emulator":{"name":"functions"},"message":"[functions] Runtime ready! Sending request!"}}
[debug] [2025-10-10T18:41:49.557Z] [functions] Got req.url=/gestaopedidos-desenhar/southamerica-east1/controlePedidosApi/relatorios/buscarPedidos?filtroTipo=&filtroSubTipo=&filtroStatus=&filtroCliente=&filtroResponsavelUid=&dataInicioInclusao=&dataFimInclusao=&dataInicioRetirada=2025-10-10&dataFimRetirada=2025-10-10&itensPorPagina=1000, mapping to path=/relatorios/buscarPedidos?filtroTipo=&filtroSubTipo=&filtroStatus=&filtroCliente=&filtroResponsavelUid=&dataInicioInclusao=&dataFimInclusao=&dataInicioRetirada=2025-10-10&dataFimRetirada=2025-10-10&itensPorPagina=1000 {"metadata":{"emulator":{"name":"functions"},"message":"[functions] Got req.url=/gestaopedidos-desenhar/southamerica-east1/controlePedidosApi/relatorios/buscarPedidos?filtroTipo=&filtroSubTipo=&filtroStatus=&filtroCliente=&filtroResponsavelUid=&dataInicioInclusao=&dataFimInclusao=&dataInicioRetirada=2025-10-10&dataFimRetirada=2025-10-10&itensPorPagina=1000, mapping to path=/relatorios/buscarPedidos?filtroTipo=&filtroSubTipo=&filtroStatus=&filtroCliente=&filtroResponsavelUid=&dataInicioInclusao=&dataFimInclusao=&dataInicioRetirada=2025-10-10&dataFimRetirada=2025-10-10&itensPorPagina=1000"}}
[debug] [2025-10-10T18:41:49.557Z] [worker-pool] submitRequest(triggerId=southamerica-east1-controlePedidosApi) {"metadata":{"emulator":{"name":"functions"},"message":"[worker-pool] submitRequest(triggerId=southamerica-east1-controlePedidosApi)"}}
[info] i  functions: Beginning execution of "southamerica-east1-controlePedidosApi" {"metadata":{"emulator":{"name":"functions"},"function":{"name":"southamerica-east1-controlePedidosApi"},"extension":{},"message":"Beginning execution of \"southamerica-east1-controlePedidosApi\""}}
[debug] [2025-10-10T18:41:49.558Z] [worker-southamerica-east1-controlePedidosApi-46816135-340f-4377-a72d-6960ba046413]: BUSY {"metadata":{"emulator":{"name":"functions"},"function":{"name":"southamerica-east1-controlePedidosApi"},"extension":{},"message":"[worker-southamerica-east1-controlePedidosApi-46816135-340f-4377-a72d-6960ba046413]: BUSY"}}
[warn] !  Google API requested!
   - URL: "https://oauth2.googleapis.com/token"
   - Be careful, this may be a production service. {"metadata":{"emulator":{"name":"functions"},"function":{"name":"southamerica-east1-controlePedidosApi"},"extension":{},"message":"Google API requested!\n   - URL: \"https://oauth2.googleapis.com/token\"\n   - Be careful, this may be a production service."}}
[info] >  [Relatórios] Filtros: { {"user":"[Relatórios] Filtros: {","metadata":{"emulator":{"name":"functions"},"function":{"name":"southamerica-east1-controlePedidosApi"},"extension":{},"message":"\u001b[90m> \u001b[39m [Relatórios] Filtros: {"}}
[info] >    filtroTipo: '', {"user":"  filtroTipo: '',","metadata":{"emulator":{"name":"functions"},"function":{"name":"southamerica-east1-controlePedidosApi"},"extension":{},"message":"\u001b[90m> \u001b[39m   filtroTipo: '',"}}
[info] >    filtroSubTipo: '', {"user":"  filtroSubTipo: '',","metadata":{"emulator":{"name":"functions"},"function":{"name":"southamerica-east1-controlePedidosApi"},"extension":{},"message":"\u001b[90m> \u001b[39m   filtroSubTipo: '',"}}
[info] >    filtroStatus: '', {"user":"  filtroStatus: '',","metadata":{"emulator":{"name":"functions"},"function":{"name":"southamerica-east1-controlePedidosApi"},"extension":{},"message":"\u001b[90m> \u001b[39m   filtroStatus: '',"}}
[info] >    filtroCliente: '', {"user":"  filtroCliente: '',","metadata":{"emulator":{"name":"functions"},"function":{"name":"southamerica-east1-controlePedidosApi"},"extension":{},"message":"\u001b[90m> \u001b[39m   filtroCliente: '',"}}
[info] >    filtroResponsavelUid: '', {"user":"  filtroResponsavelUid: '',","metadata":{"emulator":{"name":"functions"},"function":{"name":"southamerica-east1-controlePedidosApi"},"extension":{},"message":"\u001b[90m> \u001b[39m   filtroResponsavelUid: '',"}}
[info] >    dataInicioInclusao: '', {"user":"  dataInicioInclusao: '',","metadata":{"emulator":{"name":"functions"},"function":{"name":"southamerica-east1-controlePedidosApi"},"extension":{},"message":"\u001b[90m> \u001b[39m   dataInicioInclusao: '',"}}
[info] >    dataFimInclusao: '', {"user":"  dataFimInclusao: '',","metadata":{"emulator":{"name":"functions"},"function":{"name":"southamerica-east1-controlePedidosApi"},"extension":{},"message":"\u001b[90m> \u001b[39m   dataFimInclusao: '',"}}
[info] >    dataInicioRetirada: '2025-10-10', {"user":"  dataInicioRetirada: '2025-10-10',","metadata":{"emulator":{"name":"functions"},"function":{"name":"southamerica-east1-controlePedidosApi"},"extension":{},"message":"\u001b[90m> \u001b[39m   dataInicioRetirada: '2025-10-10',"}}
[info] >    dataFimRetirada: '2025-10-10', {"user":"  dataFimRetirada: '2025-10-10',","metadata":{"emulator":{"name":"functions"},"function":{"name":"southamerica-east1-controlePedidosApi"},"extension":{},"message":"\u001b[90m> \u001b[39m   dataFimRetirada: '2025-10-10',"}}
[info] >    itensPorPagina: '1000' {"user":"  itensPorPagina: '1000'","metadata":{"emulator":{"name":"functions"},"function":{"name":"southamerica-east1-controlePedidosApi"},"extension":{},"message":"\u001b[90m> \u001b[39m   itensPorPagina: '1000'"}}
[info] >  } | Pedidos retornados: 21 {"user":"} | Pedidos retornados: 21","metadata":{"emulator":{"name":"functions"},"function":{"name":"southamerica-east1-controlePedidosApi"},"extension":{},"message":"\u001b[90m> \u001b[39m } | Pedidos retornados: 21"}}
[debug] [2025-10-10T18:41:50.867Z] Finishing up request with event=pause {"metadata":{"emulator":{"name":"functions"},"function":{"name":"southamerica-east1-controlePedidosApi"},"extension":{},"message":"Finishing up request with event=pause"}}
[info] i  functions: Finished "southamerica-east1-controlePedidosApi" in 1309.2367ms {"metadata":{"emulator":{"name":"functions"},"function":{"name":"southamerica-east1-controlePedidosApi"},"extension":{},"message":"Finished \"southamerica-east1-controlePedidosApi\" in 1309.2367ms"}}
[debug] [2025-10-10T18:41:50.867Z] [worker-southamerica-east1-controlePedidosApi-46816135-340f-4377-a72d-6960ba046413]: IDLE {"metadata":{"emulator":{"name":"functions"},"function":{"name":"southamerica-east1-controlePedidosApi"},"extension":{},"message":"[worker-southamerica-east1-controlePedidosApi-46816135-340f-4377-a72d-6960ba046413]: IDLE"}}
[debug] [2025-10-10T18:41:50.868Z] Finishing up request with event=finish {"metadata":{"emulator":{"name":"functions"},"function":{"name":"southamerica-east1-controlePedidosApi"},"extension":{},"message":"Finishing up request with event=finish"}}
[debug] [2025-10-10T18:41:50.868Z] Finishing up request with event=close {"metadata":{"emulator":{"name":"functions"},"function":{"name":"southamerica-east1-controlePedidosApi"},"extension":{},"message":"Finishing up request with event=close"}}
[debug] [2025-10-10T18:41:50.868Z] [work-queue] {"queuedWork":[],"queueLength":0,"runningWork":[],"workRunningCount":0}
[debug] [2025-10-10T18:45:50.748Z] File C:\Users\PLOTAGEM01\desenhar\functions\package-lock.json changed, reloading triggers {"metadata":{"emulator":{"name":"functions"},"message":"File C:\\Users\\PLOTAGEM01\\desenhar\\functions\\package-lock.json changed, reloading triggers"}}
[debug] [2025-10-10T18:45:50.820Z] File C:\Users\PLOTAGEM01\desenhar\functions\package-lock.json changed, reloading triggers {"metadata":{"emulator":{"name":"functions"},"message":"File C:\\Users\\PLOTAGEM01\\desenhar\\functions\\package-lock.json changed, reloading triggers"}}
[debug] [2025-10-10T18:45:51.837Z] Validating nodejs source
[warn] !  functions: package.json indicates an outdated version of firebase-functions. Please upgrade using npm install --save firebase-functions@latest in your functions directory. 
[debug] [2025-10-10T18:45:54.516Z] > [functions] package.json contents: {
  "name": "functions",
  "scripts": {
    "lint": "eslint .",
    "build": "tsc",
    "build:watch": "tsc --watch",
    "serve": "npm run build && firebase emulators:start --only functions",
    "shell": "npm run build && firebase functions:shell",
    "start": "npm run shell",
    "deploy": "firebase deploy --only functions",
    "logs": "firebase functions:log"
  },
  "engines": {
    "node": "20"
  },
  "main": "lib/index.js",
  "dependencies": {
    "axios": "^1.12.2",
    "express": "^4.18.2",
    "firebase-admin": "^12.6.0",
    "firebase-functions": "^6.4.0"
  },
  "devDependencies": {
    "@ljharb/tsconfig": "^0.3.2",
    "@typescript-eslint/eslint-plugin": "^5.12.0",
    "@typescript-eslint/parser": "^5.12.0",
    "eslint": "^8.9.0",
    "eslint-config-google": "^0.14.0",
    "eslint-plugin-import": "^2.25.4",
    "firebase-functions-test": "^3.1.0",
    "typescript": "^5.7.3"
  },
  "private": true
}
[debug] [2025-10-10T18:45:54.516Z] Building nodejs source
[debug] [2025-10-10T18:45:54.516Z] Failed to find version of module node: reached end of search path C:\Users\PLOTAGEM01\desenhar\functions\node_modules
[warn] !  functions: Your requested "node" version "20" doesn't match your global version "22". Using node@22 from host. 
[info] i  functions: Loaded environment variables from .env. 
[debug] [2025-10-10T18:45:54.526Z] Could not find functions.yaml. Must use http discovery
[debug] [2025-10-10T18:45:54.536Z] Found firebase-functions binary at 'C:\Users\PLOTAGEM01\desenhar\functions\node_modules\.bin\firebase-functions'
[info] Serving at port 8664

[debug] [2025-10-10T18:45:56.594Z] Got response from /__/functions.yaml {"endpoints":{"atendimentoApi":{"availableMemoryMb":null,"timeoutSeconds":null,"minInstances":null,"maxInstances":null,"ingressSettings":null,"concurrency":null,"serviceAccountEmail":null,"vpc":null,"platform":"gcfv2","region":["southamerica-east1"],"labels":{},"httpsTrigger":{},"entryPoint":"atendimentoApi"},"controlePedidosApi":{"availableMemoryMb":null,"timeoutSeconds":null,"minInstances":null,"maxInstances":null,"ingressSettings":null,"concurrency":null,"serviceAccountEmail":null,"vpc":null,"platform":"gcfv2","region":["southamerica-east1"],"labels":{},"httpsTrigger":{},"entryPoint":"controlePedidosApi"}},"specVersion":"v1alpha1","requiredAPIs":[],"extensions":{}}
[info] +  functions: Loaded functions definitions from source: atendimentoApi, controlePedidosApi. {"metadata":{"emulator":{"name":"functions"},"message":"Loaded functions definitions from source: atendimentoApi, controlePedidosApi."}}
[debug] [2025-10-10T18:46:00.879Z] [worker-pool] Shutting down IDLE worker (southamerica-east1-controlePedidosApi) {"metadata":{"emulator":{"name":"functions"},"message":"[worker-pool] Shutting down IDLE worker (southamerica-east1-controlePedidosApi)"}}
[debug] [2025-10-10T18:46:00.880Z] [worker-southamerica-east1-controlePedidosApi-46816135-340f-4377-a72d-6960ba046413]: FINISHING {"metadata":{"emulator":{"name":"functions"},"function":{"name":"southamerica-east1-controlePedidosApi"},"extension":{},"message":"[worker-southamerica-east1-controlePedidosApi-46816135-340f-4377-a72d-6960ba046413]: FINISHING"}}
[debug] [2025-10-10T18:46:00.998Z] [worker-southamerica-east1-controlePedidosApi-46816135-340f-4377-a72d-6960ba046413]: exited {"metadata":{"emulator":{"name":"functions"},"function":{"name":"southamerica-east1-controlePedidosApi"},"extension":{},"message":"[worker-southamerica-east1-controlePedidosApi-46816135-340f-4377-a72d-6960ba046413]: exited"}}
[debug] [2025-10-10T18:46:00.998Z] [worker-southamerica-east1-controlePedidosApi-46816135-340f-4377-a72d-6960ba046413]: FINISHED {"metadata":{"emulator":{"name":"functions"},"function":{"name":"southamerica-east1-controlePedidosApi"},"extension":{},"message":"[worker-southamerica-east1-controlePedidosApi-46816135-340f-4377-a72d-6960ba046413]: FINISHED"}}
[debug] [2025-10-10T18:48:29.401Z] [work-queue] {"queuedWork":["/gestaopedidos-desenhar/southamerica-east1/controlePedidosApi/relatorios/buscarPedidos-2025-10-10T18:48:29.401Z"],"queueLength":1,"runningWork":[],"workRunningCount":0}
[debug] [2025-10-10T18:48:29.401Z] [work-queue] {"queuedWork":[],"queueLength":0,"runningWork":["/gestaopedidos-desenhar/southamerica-east1/controlePedidosApi/relatorios/buscarPedidos-2025-10-10T18:48:29.401Z"],"workRunningCount":1}
[debug] [2025-10-10T18:48:29.401Z] Accepted request OPTIONS /gestaopedidos-desenhar/southamerica-east1/controlePedidosApi/relatorios/buscarPedidos?filtroTipo=&filtroSubTipo=&filtroStatus=&filtroCliente=&filtroResponsavelUid=&dataInicioInclusao=&dataFimInclusao=&dataInicioRetirada=2025-10-10&dataFimRetirada=2025-10-10&itensPorPagina=1000 --> southamerica-east1-controlePedidosApi
[debug] [2025-10-10T18:48:29.404Z] [functions] Runtime ready! Sending request! {"metadata":{"emulator":{"name":"functions"},"message":"[functions] Runtime ready! Sending request!"}}
[debug] [2025-10-10T18:48:29.404Z] [functions] Got req.url=/gestaopedidos-desenhar/southamerica-east1/controlePedidosApi/relatorios/buscarPedidos?filtroTipo=&filtroSubTipo=&filtroStatus=&filtroCliente=&filtroResponsavelUid=&dataInicioInclusao=&dataFimInclusao=&dataInicioRetirada=2025-10-10&dataFimRetirada=2025-10-10&itensPorPagina=1000, mapping to path=/relatorios/buscarPedidos?filtroTipo=&filtroSubTipo=&filtroStatus=&filtroCliente=&filtroResponsavelUid=&dataInicioInclusao=&dataFimInclusao=&dataInicioRetirada=2025-10-10&dataFimRetirada=2025-10-10&itensPorPagina=1000 {"metadata":{"emulator":{"name":"functions"},"message":"[functions] Got req.url=/gestaopedidos-desenhar/southamerica-east1/controlePedidosApi/relatorios/buscarPedidos?filtroTipo=&filtroSubTipo=&filtroStatus=&filtroCliente=&filtroResponsavelUid=&dataInicioInclusao=&dataFimInclusao=&dataInicioRetirada=2025-10-10&dataFimRetirada=2025-10-10&itensPorPagina=1000, mapping to path=/relatorios/buscarPedidos?filtroTipo=&filtroSubTipo=&filtroStatus=&filtroCliente=&filtroResponsavelUid=&dataInicioInclusao=&dataFimInclusao=&dataInicioRetirada=2025-10-10&dataFimRetirada=2025-10-10&itensPorPagina=1000"}}
[debug] [2025-10-10T18:48:29.404Z] [worker-pool] Cleaned up workers for southamerica-east1-controlePedidosApi: 1 --> 0 {"metadata":{"emulator":{"name":"functions"},"message":"[worker-pool] Cleaned up workers for southamerica-east1-controlePedidosApi: 1 --> 0"}}
[info] i  functions: Loaded environment variables from .env. 
[debug] [2025-10-10T18:48:29.425Z] [worker-pool] addWorker(southamerica-east1-controlePedidosApi) {"metadata":{"emulator":{"name":"functions"},"message":"[worker-pool] addWorker(southamerica-east1-controlePedidosApi)"}}
[debug] [2025-10-10T18:48:29.425Z] [worker-pool] Adding worker with key southamerica-east1-controlePedidosApi, total=1 {"metadata":{"emulator":{"name":"functions"},"message":"[worker-pool] Adding worker with key southamerica-east1-controlePedidosApi, total=1"}}
[debug] [2025-10-10T18:48:31.611Z] [runtime-status] [11412] Resolved module firebase-admin {"declared":true,"installed":true,"version":"12.7.0","resolution":"C:\\Users\\PLOTAGEM01\\desenhar\\functions\\node_modules\\firebase-admin\\lib\\index.js"} {"metadata":{"emulator":{"name":"functions"},"function":{"name":"southamerica-east1-controlePedidosApi"},"extension":{},"message":"[runtime-status] [11412] Resolved module firebase-admin {\"declared\":true,\"installed\":true,\"version\":\"12.7.0\",\"resolution\":\"C:\\\\Users\\\\PLOTAGEM01\\\\desenhar\\\\functions\\\\node_modules\\\\firebase-admin\\\\lib\\\\index.js\"}"}}
[debug] [2025-10-10T18:48:31.613Z] [runtime-status] [11412] Resolved module firebase-functions {"declared":true,"installed":true,"version":"6.4.0","resolution":"C:\\Users\\PLOTAGEM01\\desenhar\\functions\\node_modules\\firebase-functions\\lib\\v2\\index.js"} {"metadata":{"emulator":{"name":"functions"},"function":{"name":"southamerica-east1-controlePedidosApi"},"extension":{},"message":"[runtime-status] [11412] Resolved module firebase-functions {\"declared\":true,\"installed\":true,\"version\":\"6.4.0\",\"resolution\":\"C:\\\\Users\\\\PLOTAGEM01\\\\desenhar\\\\functions\\\\node_modules\\\\firebase-functions\\\\lib\\\\v2\\\\index.js\"}"}}
[debug] [2025-10-10T18:48:31.614Z] [runtime-status] [11412] Outgoing network have been stubbed. [{"name":"http","status":"mocked"},{"name":"http","status":"mocked"},{"name":"https","status":"mocked"},{"name":"https","status":"mocked"},{"name":"net","status":"mocked"}] {"metadata":{"emulator":{"name":"functions"},"function":{"name":"southamerica-east1-controlePedidosApi"},"extension":{},"message":"[runtime-status] [11412] Outgoing network have been stubbed. [{\"name\":\"http\",\"status\":\"mocked\"},{\"name\":\"http\",\"status\":\"mocked\"},{\"name\":\"https\",\"status\":\"mocked\"},{\"name\":\"https\",\"status\":\"mocked\"},{\"name\":\"net\",\"status\":\"mocked\"}]"}}
[debug] [2025-10-10T18:48:31.615Z] [runtime-status] [11412] Resolved module firebase-functions {"declared":true,"installed":true,"version":"6.4.0","resolution":"C:\\Users\\PLOTAGEM01\\desenhar\\functions\\node_modules\\firebase-functions\\lib\\v2\\index.js"} {"metadata":{"emulator":{"name":"functions"},"function":{"name":"southamerica-east1-controlePedidosApi"},"extension":{},"message":"[runtime-status] [11412] Resolved module firebase-functions {\"declared\":true,\"installed\":true,\"version\":\"6.4.0\",\"resolution\":\"C:\\\\Users\\\\PLOTAGEM01\\\\desenhar\\\\functions\\\\node_modules\\\\firebase-functions\\\\lib\\\\v2\\\\index.js\"}"}}
[debug] [2025-10-10T18:48:32.202Z] [runtime-status] [11412] Checked functions.config() {"config":{}} {"metadata":{"emulator":{"name":"functions"},"function":{"name":"southamerica-east1-controlePedidosApi"},"extension":{},"message":"[runtime-status] [11412] Checked functions.config() {\"config\":{}}"}}
[debug] [2025-10-10T18:48:32.202Z] [runtime-status] [11412] firebase-functions has been stubbed. {"functionsResolution":{"declared":true,"installed":true,"version":"6.4.0","resolution":"C:\\Users\\PLOTAGEM01\\desenhar\\functions\\node_modules\\firebase-functions\\lib\\v2\\index.js"}} {"metadata":{"emulator":{"name":"functions"},"function":{"name":"southamerica-east1-controlePedidosApi"},"extension":{},"message":"[runtime-status] [11412] firebase-functions has been stubbed. {\"functionsResolution\":{\"declared\":true,\"installed\":true,\"version\":\"6.4.0\",\"resolution\":\"C:\\\\Users\\\\PLOTAGEM01\\\\desenhar\\\\functions\\\\node_modules\\\\firebase-functions\\\\lib\\\\v2\\\\index.js\"}}"}}
[debug] [2025-10-10T18:48:32.203Z] [runtime-status] [11412] Resolved module firebase-functions {"declared":true,"installed":true,"version":"6.4.0","resolution":"C:\\Users\\PLOTAGEM01\\desenhar\\functions\\node_modules\\firebase-functions\\lib\\v2\\index.js"} {"metadata":{"emulator":{"name":"functions"},"function":{"name":"southamerica-east1-controlePedidosApi"},"extension":{},"message":"[runtime-status] [11412] Resolved module firebase-functions {\"declared\":true,\"installed\":true,\"version\":\"6.4.0\",\"resolution\":\"C:\\\\Users\\\\PLOTAGEM01\\\\desenhar\\\\functions\\\\node_modules\\\\firebase-functions\\\\lib\\\\v2\\\\index.js\"}"}}
[debug] [2025-10-10T18:48:32.212Z] [runtime-status] [11412] Resolved module firebase-admin {"declared":true,"installed":true,"version":"12.7.0","resolution":"C:\\Users\\PLOTAGEM01\\desenhar\\functions\\node_modules\\firebase-admin\\lib\\index.js"} {"metadata":{"emulator":{"name":"functions"},"function":{"name":"southamerica-east1-controlePedidosApi"},"extension":{},"message":"[runtime-status] [11412] Resolved module firebase-admin {\"declared\":true,\"installed\":true,\"version\":\"12.7.0\",\"resolution\":\"C:\\\\Users\\\\PLOTAGEM01\\\\desenhar\\\\functions\\\\node_modules\\\\firebase-admin\\\\lib\\\\index.js\"}"}}
[debug] [2025-10-10T18:48:32.219Z] [runtime-status] [11412] Resolved module firebase-functions {"declared":true,"installed":true,"version":"6.4.0","resolution":"C:\\Users\\PLOTAGEM01\\desenhar\\functions\\node_modules\\firebase-functions\\lib\\v2\\index.js"} {"metadata":{"emulator":{"name":"functions"},"function":{"name":"southamerica-east1-controlePedidosApi"},"extension":{},"message":"[runtime-status] [11412] Resolved module firebase-functions {\"declared\":true,\"installed\":true,\"version\":\"6.4.0\",\"resolution\":\"C:\\\\Users\\\\PLOTAGEM01\\\\desenhar\\\\functions\\\\node_modules\\\\firebase-functions\\\\lib\\\\v2\\\\index.js\"}"}}
[debug] [2025-10-10T18:48:32.219Z] [runtime-status] [11412] firebase-admin has been stubbed. {"adminResolution":{"declared":true,"installed":true,"version":"12.7.0","resolution":"C:\\Users\\PLOTAGEM01\\desenhar\\functions\\node_modules\\firebase-admin\\lib\\index.js"}} {"metadata":{"emulator":{"name":"functions"},"function":{"name":"southamerica-east1-controlePedidosApi"},"extension":{},"message":"[runtime-status] [11412] firebase-admin has been stubbed. {\"adminResolution\":{\"declared\":true,\"installed\":true,\"version\":\"12.7.0\",\"resolution\":\"C:\\\\Users\\\\PLOTAGEM01\\\\desenhar\\\\functions\\\\node_modules\\\\firebase-admin\\\\lib\\\\index.js\"}}"}}
[debug] [2025-10-10T18:48:32.222Z] [runtime-status] [11412] initializeApp(DEFAULT) {"storageBucket":"gestaopedidos-desenhar.firebasestorage.app","projectId":"gestaopedidos-desenhar"} {"metadata":{"emulator":{"name":"functions"},"function":{"name":"southamerica-east1-controlePedidosApi"},"extension":{},"message":"[runtime-status] [11412] initializeApp(DEFAULT) {\"storageBucket\":\"gestaopedidos-desenhar.firebasestorage.app\",\"projectId\":\"gestaopedidos-desenhar\"}"}}
[debug] [2025-10-10T18:48:32.453Z] [runtime-status] [11412] Functions runtime initialized. {"cwd":"C:\\Users\\PLOTAGEM01\\desenhar\\functions","node_version":"22.14.0"} {"metadata":{"emulator":{"name":"functions"},"function":{"name":"southamerica-east1-controlePedidosApi"},"extension":{},"message":"[runtime-status] [11412] Functions runtime initialized. {\"cwd\":\"C:\\\\Users\\\\PLOTAGEM01\\\\desenhar\\\\functions\",\"node_version\":\"22.14.0\"}"}}
[debug] [2025-10-10T18:48:32.453Z] [runtime-status] [11412] Listening to port: \\?\pipe\fire_emu_50f2d505436696a8 {"metadata":{"emulator":{"name":"functions"},"function":{"name":"southamerica-east1-controlePedidosApi"},"extension":{},"message":"[runtime-status] [11412] Listening to port: \\\\?\\pipe\\fire_emu_50f2d505436696a8"}}
[debug] [2025-10-10T18:48:32.586Z] [worker-southamerica-east1-controlePedidosApi-179cfce9-ac83-4644-a968-553dca9be280]: IDLE {"metadata":{"emulator":{"name":"functions"},"function":{"name":"southamerica-east1-controlePedidosApi"},"extension":{},"message":"[worker-southamerica-east1-controlePedidosApi-179cfce9-ac83-4644-a968-553dca9be280]: IDLE"}}
[debug] [2025-10-10T18:48:32.587Z] [worker-pool] submitRequest(triggerId=southamerica-east1-controlePedidosApi) {"metadata":{"emulator":{"name":"functions"},"message":"[worker-pool] submitRequest(triggerId=southamerica-east1-controlePedidosApi)"}}
[info] i  functions: Beginning execution of "southamerica-east1-controlePedidosApi" {"metadata":{"emulator":{"name":"functions"},"function":{"name":"southamerica-east1-controlePedidosApi"},"extension":{},"message":"Beginning execution of \"southamerica-east1-controlePedidosApi\""}}
[debug] [2025-10-10T18:48:32.588Z] [worker-southamerica-east1-controlePedidosApi-179cfce9-ac83-4644-a968-553dca9be280]: BUSY {"metadata":{"emulator":{"name":"functions"},"function":{"name":"southamerica-east1-controlePedidosApi"},"extension":{},"message":"[worker-southamerica-east1-controlePedidosApi-179cfce9-ac83-4644-a968-553dca9be280]: BUSY"}}
[debug] [2025-10-10T18:48:32.621Z] Finishing up request with event=pause {"metadata":{"emulator":{"name":"functions"},"function":{"name":"southamerica-east1-controlePedidosApi"},"extension":{},"message":"Finishing up request with event=pause"}}
[info] i  functions: Finished "southamerica-east1-controlePedidosApi" in 32.8106ms {"metadata":{"emulator":{"name":"functions"},"function":{"name":"southamerica-east1-controlePedidosApi"},"extension":{},"message":"Finished \"southamerica-east1-controlePedidosApi\" in 32.8106ms"}}
[debug] [2025-10-10T18:48:32.625Z] [worker-southamerica-east1-controlePedidosApi-179cfce9-ac83-4644-a968-553dca9be280]: IDLE {"metadata":{"emulator":{"name":"functions"},"function":{"name":"southamerica-east1-controlePedidosApi"},"extension":{},"message":"[worker-southamerica-east1-controlePedidosApi-179cfce9-ac83-4644-a968-553dca9be280]: IDLE"}}
[debug] [2025-10-10T18:48:32.625Z] Finishing up request with event=finish {"metadata":{"emulator":{"name":"functions"},"function":{"name":"southamerica-east1-controlePedidosApi"},"extension":{},"message":"Finishing up request with event=finish"}}
[debug] [2025-10-10T18:48:32.625Z] Finishing up request with event=close {"metadata":{"emulator":{"name":"functions"},"function":{"name":"southamerica-east1-controlePedidosApi"},"extension":{},"message":"Finishing up request with event=close"}}
[debug] [2025-10-10T18:48:32.625Z] [work-queue] {"queuedWork":[],"queueLength":0,"runningWork":[],"workRunningCount":0}
[debug] [2025-10-10T18:48:32.633Z] [work-queue] {"queuedWork":["/gestaopedidos-desenhar/southamerica-east1/controlePedidosApi/relatorios/buscarPedidos-2025-10-10T18:48:32.633Z"],"queueLength":1,"runningWork":[],"workRunningCount":0}
[debug] [2025-10-10T18:48:32.634Z] [work-queue] {"queuedWork":[],"queueLength":0,"runningWork":["/gestaopedidos-desenhar/southamerica-east1/controlePedidosApi/relatorios/buscarPedidos-2025-10-10T18:48:32.633Z"],"workRunningCount":1}
[debug] [2025-10-10T18:48:32.634Z] Accepted request GET /gestaopedidos-desenhar/southamerica-east1/controlePedidosApi/relatorios/buscarPedidos?filtroTipo=&filtroSubTipo=&filtroStatus=&filtroCliente=&filtroResponsavelUid=&dataInicioInclusao=&dataFimInclusao=&dataInicioRetirada=2025-10-10&dataFimRetirada=2025-10-10&itensPorPagina=1000 --> southamerica-east1-controlePedidosApi
[debug] [2025-10-10T18:48:32.634Z] [functions] Runtime ready! Sending request! {"metadata":{"emulator":{"name":"functions"},"message":"[functions] Runtime ready! Sending request!"}}
[debug] [2025-10-10T18:48:32.635Z] [functions] Got req.url=/gestaopedidos-desenhar/southamerica-east1/controlePedidosApi/relatorios/buscarPedidos?filtroTipo=&filtroSubTipo=&filtroStatus=&filtroCliente=&filtroResponsavelUid=&dataInicioInclusao=&dataFimInclusao=&dataInicioRetirada=2025-10-10&dataFimRetirada=2025-10-10&itensPorPagina=1000, mapping to path=/relatorios/buscarPedidos?filtroTipo=&filtroSubTipo=&filtroStatus=&filtroCliente=&filtroResponsavelUid=&dataInicioInclusao=&dataFimInclusao=&dataInicioRetirada=2025-10-10&dataFimRetirada=2025-10-10&itensPorPagina=1000 {"metadata":{"emulator":{"name":"functions"},"message":"[functions] Got req.url=/gestaopedidos-desenhar/southamerica-east1/controlePedidosApi/relatorios/buscarPedidos?filtroTipo=&filtroSubTipo=&filtroStatus=&filtroCliente=&filtroResponsavelUid=&dataInicioInclusao=&dataFimInclusao=&dataInicioRetirada=2025-10-10&dataFimRetirada=2025-10-10&itensPorPagina=1000, mapping to path=/relatorios/buscarPedidos?filtroTipo=&filtroSubTipo=&filtroStatus=&filtroCliente=&filtroResponsavelUid=&dataInicioInclusao=&dataFimInclusao=&dataInicioRetirada=2025-10-10&dataFimRetirada=2025-10-10&itensPorPagina=1000"}}
[debug] [2025-10-10T18:48:32.635Z] [worker-pool] submitRequest(triggerId=southamerica-east1-controlePedidosApi) {"metadata":{"emulator":{"name":"functions"},"message":"[worker-pool] submitRequest(triggerId=southamerica-east1-controlePedidosApi)"}}
[info] i  functions: Beginning execution of "southamerica-east1-controlePedidosApi" {"metadata":{"emulator":{"name":"functions"},"function":{"name":"southamerica-east1-controlePedidosApi"},"extension":{},"message":"Beginning execution of \"southamerica-east1-controlePedidosApi\""}}
[debug] [2025-10-10T18:48:32.635Z] [worker-southamerica-east1-controlePedidosApi-179cfce9-ac83-4644-a968-553dca9be280]: BUSY {"metadata":{"emulator":{"name":"functions"},"function":{"name":"southamerica-east1-controlePedidosApi"},"extension":{},"message":"[worker-southamerica-east1-controlePedidosApi-179cfce9-ac83-4644-a968-553dca9be280]: BUSY"}}
[warn] !  Google API requested!
   - URL: "https://oauth2.googleapis.com/token"
   - Be careful, this may be a production service. {"metadata":{"emulator":{"name":"functions"},"function":{"name":"southamerica-east1-controlePedidosApi"},"extension":{},"message":"Google API requested!\n   - URL: \"https://oauth2.googleapis.com/token\"\n   - Be careful, this may be a production service."}}
[info] >  [Relatórios] Filtros: { {"user":"[Relatórios] Filtros: {","metadata":{"emulator":{"name":"functions"},"function":{"name":"southamerica-east1-controlePedidosApi"},"extension":{},"message":"\u001b[90m> \u001b[39m [Relatórios] Filtros: {"}}
[info] >    filtroTipo: '', {"user":"  filtroTipo: '',","metadata":{"emulator":{"name":"functions"},"function":{"name":"southamerica-east1-controlePedidosApi"},"extension":{},"message":"\u001b[90m> \u001b[39m   filtroTipo: '',"}}
[info] >    filtroSubTipo: '', {"user":"  filtroSubTipo: '',","metadata":{"emulator":{"name":"functions"},"function":{"name":"southamerica-east1-controlePedidosApi"},"extension":{},"message":"\u001b[90m> \u001b[39m   filtroSubTipo: '',"}}
[info] >    filtroStatus: '', {"user":"  filtroStatus: '',","metadata":{"emulator":{"name":"functions"},"function":{"name":"southamerica-east1-controlePedidosApi"},"extension":{},"message":"\u001b[90m> \u001b[39m   filtroStatus: '',"}}
[info] >    filtroCliente: '', {"user":"  filtroCliente: '',","metadata":{"emulator":{"name":"functions"},"function":{"name":"southamerica-east1-controlePedidosApi"},"extension":{},"message":"\u001b[90m> \u001b[39m   filtroCliente: '',"}}
[info] >    filtroResponsavelUid: '', {"user":"  filtroResponsavelUid: '',","metadata":{"emulator":{"name":"functions"},"function":{"name":"southamerica-east1-controlePedidosApi"},"extension":{},"message":"\u001b[90m> \u001b[39m   filtroResponsavelUid: '',"}}
[info] >    dataInicioInclusao: '', {"user":"  dataInicioInclusao: '',","metadata":{"emulator":{"name":"functions"},"function":{"name":"southamerica-east1-controlePedidosApi"},"extension":{},"message":"\u001b[90m> \u001b[39m   dataInicioInclusao: '',"}}
[info] >    dataFimInclusao: '', {"user":"  dataFimInclusao: '',","metadata":{"emulator":{"name":"functions"},"function":{"name":"southamerica-east1-controlePedidosApi"},"extension":{},"message":"\u001b[90m> \u001b[39m   dataFimInclusao: '',"}}
[info] >    dataInicioRetirada: '2025-10-10', {"user":"  dataInicioRetirada: '2025-10-10',","metadata":{"emulator":{"name":"functions"},"function":{"name":"southamerica-east1-controlePedidosApi"},"extension":{},"message":"\u001b[90m> \u001b[39m   dataInicioRetirada: '2025-10-10',"}}
[info] >    dataFimRetirada: '2025-10-10', {"user":"  dataFimRetirada: '2025-10-10',","metadata":{"emulator":{"name":"functions"},"function":{"name":"southamerica-east1-controlePedidosApi"},"extension":{},"message":"\u001b[90m> \u001b[39m   dataFimRetirada: '2025-10-10',"}}
[info] >    itensPorPagina: '1000' {"user":"  itensPorPagina: '1000'","metadata":{"emulator":{"name":"functions"},"function":{"name":"southamerica-east1-controlePedidosApi"},"extension":{},"message":"\u001b[90m> \u001b[39m   itensPorPagina: '1000'"}}
[info] >  } | Pedidos retornados: 21 {"user":"} | Pedidos retornados: 21","metadata":{"emulator":{"name":"functions"},"function":{"name":"southamerica-east1-controlePedidosApi"},"extension":{},"message":"\u001b[90m> \u001b[39m } | Pedidos retornados: 21"}}
[debug] [2025-10-10T18:48:33.906Z] Finishing up request with event=pause {"metadata":{"emulator":{"name":"functions"},"function":{"name":"southamerica-east1-controlePedidosApi"},"extension":{},"message":"Finishing up request with event=pause"}}
[info] i  functions: Finished "southamerica-east1-controlePedidosApi" in 1270.9726ms {"metadata":{"emulator":{"name":"functions"},"function":{"name":"southamerica-east1-controlePedidosApi"},"extension":{},"message":"Finished \"southamerica-east1-controlePedidosApi\" in 1270.9726ms"}}
[debug] [2025-10-10T18:48:33.907Z] [worker-southamerica-east1-controlePedidosApi-179cfce9-ac83-4644-a968-553dca9be280]: IDLE {"metadata":{"emulator":{"name":"functions"},"function":{"name":"southamerica-east1-controlePedidosApi"},"extension":{},"message":"[worker-southamerica-east1-controlePedidosApi-179cfce9-ac83-4644-a968-553dca9be280]: IDLE"}}
[debug] [2025-10-10T18:48:33.908Z] Finishing up request with event=finish {"metadata":{"emulator":{"name":"functions"},"function":{"name":"southamerica-east1-controlePedidosApi"},"extension":{},"message":"Finishing up request with event=finish"}}
[debug] [2025-10-10T18:48:33.908Z] Finishing up request with event=close {"metadata":{"emulator":{"name":"functions"},"function":{"name":"southamerica-east1-controlePedidosApi"},"extension":{},"message":"Finishing up request with event=close"}}
[debug] [2025-10-10T18:48:33.908Z] [work-queue] {"queuedWork":[],"queueLength":0,"runningWork":[],"workRunningCount":0}
[debug] [2025-10-10T18:50:09.829Z] File C:\Users\PLOTAGEM01\desenhar\functions\package-lock.json changed, reloading triggers {"metadata":{"emulator":{"name":"functions"},"message":"File C:\\Users\\PLOTAGEM01\\desenhar\\functions\\package-lock.json changed, reloading triggers"}}
[debug] [2025-10-10T18:50:09.914Z] File C:\Users\PLOTAGEM01\desenhar\functions\package-lock.json changed, reloading triggers {"metadata":{"emulator":{"name":"functions"},"message":"File C:\\Users\\PLOTAGEM01\\desenhar\\functions\\package-lock.json changed, reloading triggers"}}
[debug] [2025-10-10T18:50:11.009Z] Validating nodejs source
[warn] !  functions: package.json indicates an outdated version of firebase-functions. Please upgrade using npm install --save firebase-functions@latest in your functions directory. 
[debug] [2025-10-10T18:50:13.635Z] > [functions] package.json contents: {
  "name": "functions",
  "scripts": {
    "lint": "eslint .",
    "build": "tsc",
    "build:watch": "tsc --watch",
    "serve": "npm run build && firebase emulators:start --only functions",
    "shell": "npm run build && firebase functions:shell",
    "start": "npm run shell",
    "deploy": "firebase deploy --only functions",
    "logs": "firebase functions:log"
  },
  "engines": {
    "node": "20"
  },
  "main": "lib/index.js",
  "dependencies": {
    "axios": "^1.12.2",
    "express": "^4.18.2",
    "firebase-admin": "^12.6.0",
    "firebase-functions": "^6.4.0"
  },
  "devDependencies": {
    "@ljharb/tsconfig": "^0.3.2",
    "@typescript-eslint/eslint-plugin": "^5.12.0",
    "@typescript-eslint/parser": "^5.12.0",
    "eslint": "^8.9.0",
    "eslint-config-google": "^0.14.0",
    "eslint-plugin-import": "^2.25.4",
    "firebase-functions-test": "^3.1.0",
    "typescript": "^5.7.3"
  },
  "private": true
}
[debug] [2025-10-10T18:50:13.636Z] Building nodejs source
[debug] [2025-10-10T18:50:13.636Z] Failed to find version of module node: reached end of search path C:\Users\PLOTAGEM01\desenhar\functions\node_modules
[warn] !  functions: Your requested "node" version "20" doesn't match your global version "22". Using node@22 from host. 
[info] i  functions: Loaded environment variables from .env. 
[debug] [2025-10-10T18:50:13.649Z] Could not find functions.yaml. Must use http discovery
[debug] [2025-10-10T18:50:13.660Z] Found firebase-functions binary at 'C:\Users\PLOTAGEM01\desenhar\functions\node_modules\.bin\firebase-functions'
[info] Serving at port 8525

[debug] [2025-10-10T18:50:16.170Z] Got response from /__/functions.yaml {"endpoints":{"atendimentoApi":{"availableMemoryMb":null,"timeoutSeconds":null,"minInstances":null,"maxInstances":null,"ingressSettings":null,"concurrency":null,"serviceAccountEmail":null,"vpc":null,"platform":"gcfv2","region":["southamerica-east1"],"labels":{},"httpsTrigger":{},"entryPoint":"atendimentoApi"},"controlePedidosApi":{"availableMemoryMb":null,"timeoutSeconds":null,"minInstances":null,"maxInstances":null,"ingressSettings":null,"concurrency":null,"serviceAccountEmail":null,"vpc":null,"platform":"gcfv2","region":["southamerica-east1"],"labels":{},"httpsTrigger":{},"entryPoint":"controlePedidosApi"}},"specVersion":"v1alpha1","requiredAPIs":[],"extensions":{}}
[info] +  functions: Loaded functions definitions from source: atendimentoApi, controlePedidosApi. {"metadata":{"emulator":{"name":"functions"},"message":"Loaded functions definitions from source: atendimentoApi, controlePedidosApi."}}
[debug] [2025-10-10T18:50:20.360Z] [worker-pool] Shutting down IDLE worker (southamerica-east1-controlePedidosApi) {"metadata":{"emulator":{"name":"functions"},"message":"[worker-pool] Shutting down IDLE worker (southamerica-east1-controlePedidosApi)"}}
[debug] [2025-10-10T18:50:20.360Z] [worker-southamerica-east1-controlePedidosApi-179cfce9-ac83-4644-a968-553dca9be280]: FINISHING {"metadata":{"emulator":{"name":"functions"},"function":{"name":"southamerica-east1-controlePedidosApi"},"extension":{},"message":"[worker-southamerica-east1-controlePedidosApi-179cfce9-ac83-4644-a968-553dca9be280]: FINISHING"}}
[debug] [2025-10-10T18:50:20.394Z] [worker-southamerica-east1-controlePedidosApi-179cfce9-ac83-4644-a968-553dca9be280]: exited {"metadata":{"emulator":{"name":"functions"},"function":{"name":"southamerica-east1-controlePedidosApi"},"extension":{},"message":"[worker-southamerica-east1-controlePedidosApi-179cfce9-ac83-4644-a968-553dca9be280]: exited"}}
[debug] [2025-10-10T18:50:20.394Z] [worker-southamerica-east1-controlePedidosApi-179cfce9-ac83-4644-a968-553dca9be280]: FINISHED {"metadata":{"emulator":{"name":"functions"},"function":{"name":"southamerica-east1-controlePedidosApi"},"extension":{},"message":"[worker-southamerica-east1-controlePedidosApi-179cfce9-ac83-4644-a968-553dca9be280]: FINISHED"}}
[debug] [2025-10-10T18:53:54.358Z] File C:\Users\PLOTAGEM01\desenhar\functions\package-lock.json changed, reloading triggers {"metadata":{"emulator":{"name":"functions"},"message":"File C:\\Users\\PLOTAGEM01\\desenhar\\functions\\package-lock.json changed, reloading triggers"}}
[debug] [2025-10-10T18:53:54.418Z] File C:\Users\PLOTAGEM01\desenhar\functions\package-lock.json changed, reloading triggers {"metadata":{"emulator":{"name":"functions"},"message":"File C:\\Users\\PLOTAGEM01\\desenhar\\functions\\package-lock.json changed, reloading triggers"}}
[debug] [2025-10-10T18:53:55.431Z] Validating nodejs source
[warn] !  functions: package.json indicates an outdated version of firebase-functions. Please upgrade using npm install --save firebase-functions@latest in your functions directory. 
[debug] [2025-10-10T18:53:56.640Z] > [functions] package.json contents: {
  "name": "functions",
  "scripts": {
    "lint": "eslint .",
    "build": "tsc",
    "build:watch": "tsc --watch",
    "serve": "npm run build && firebase emulators:start --only functions",
    "shell": "npm run build && firebase functions:shell",
    "start": "npm run shell",
    "deploy": "firebase deploy --only functions",
    "logs": "firebase functions:log"
  },
  "engines": {
    "node": "20"
  },
  "main": "lib/index.js",
  "dependencies": {
    "axios": "^1.12.2",
    "express": "^4.18.2",
    "firebase-admin": "^12.6.0",
    "firebase-functions": "^6.4.0"
  },
  "devDependencies": {
    "@ljharb/tsconfig": "^0.3.2",
    "@typescript-eslint/eslint-plugin": "^5.12.0",
    "@typescript-eslint/parser": "^5.12.0",
    "eslint": "^8.9.0",
    "eslint-config-google": "^0.14.0",
    "eslint-plugin-import": "^2.25.4",
    "firebase-functions-test": "^3.1.0",
    "typescript": "^5.7.3"
  },
  "private": true
}
[debug] [2025-10-10T18:53:56.641Z] Building nodejs source
[debug] [2025-10-10T18:53:56.642Z] Failed to find version of module node: reached end of search path C:\Users\PLOTAGEM01\desenhar\functions\node_modules
[warn] !  functions: Your requested "node" version "20" doesn't match your global version "22". Using node@22 from host. 
[info] i  functions: Loaded environment variables from .env. 
[debug] [2025-10-10T18:53:56.645Z] Could not find functions.yaml. Must use http discovery
[debug] [2025-10-10T18:53:56.656Z] Found firebase-functions binary at 'C:\Users\PLOTAGEM01\desenhar\functions\node_modules\.bin\firebase-functions'
[info] Serving at port 8977

[debug] [2025-10-10T18:53:57.707Z] Got response from /__/functions.yaml {"endpoints":{"atendimentoApi":{"availableMemoryMb":null,"timeoutSeconds":null,"minInstances":null,"maxInstances":null,"ingressSettings":null,"concurrency":null,"serviceAccountEmail":null,"vpc":null,"platform":"gcfv2","region":["southamerica-east1"],"labels":{},"httpsTrigger":{},"entryPoint":"atendimentoApi"},"controlePedidosApi":{"availableMemoryMb":null,"timeoutSeconds":null,"minInstances":null,"maxInstances":null,"ingressSettings":null,"concurrency":null,"serviceAccountEmail":null,"vpc":null,"platform":"gcfv2","region":["southamerica-east1"],"labels":{},"httpsTrigger":{},"entryPoint":"controlePedidosApi"}},"specVersion":"v1alpha1","requiredAPIs":[],"extensions":{}}
[info] +  functions: Loaded functions definitions from source: atendimentoApi, controlePedidosApi. {"metadata":{"emulator":{"name":"functions"},"message":"Loaded functions definitions from source: atendimentoApi, controlePedidosApi."}}
[debug] [2025-10-10T18:57:25.491Z] File C:\Users\PLOTAGEM01\desenhar\functions\package-lock.json changed, reloading triggers {"metadata":{"emulator":{"name":"functions"},"message":"File C:\\Users\\PLOTAGEM01\\desenhar\\functions\\package-lock.json changed, reloading triggers"}}
[debug] [2025-10-10T18:57:25.554Z] File C:\Users\PLOTAGEM01\desenhar\functions\package-lock.json changed, reloading triggers {"metadata":{"emulator":{"name":"functions"},"message":"File C:\\Users\\PLOTAGEM01\\desenhar\\functions\\package-lock.json changed, reloading triggers"}}
[debug] [2025-10-10T18:57:26.586Z] Validating nodejs source
[warn] !  functions: package.json indicates an outdated version of firebase-functions. Please upgrade using npm install --save firebase-functions@latest in your functions directory. 
[debug] [2025-10-10T18:57:29.198Z] > [functions] package.json contents: {
  "name": "functions",
  "scripts": {
    "lint": "eslint .",
    "build": "tsc",
    "build:watch": "tsc --watch",
    "serve": "npm run build && firebase emulators:start --only functions",
    "shell": "npm run build && firebase functions:shell",
    "start": "npm run shell",
    "deploy": "firebase deploy --only functions",
    "logs": "firebase functions:log"
  },
  "engines": {
    "node": "20"
  },
  "main": "lib/index.js",
  "dependencies": {
    "axios": "^1.12.2",
    "express": "^4.18.2",
    "firebase-admin": "^12.6.0",
    "firebase-functions": "^6.4.0"
  },
  "devDependencies": {
    "@ljharb/tsconfig": "^0.3.2",
    "@typescript-eslint/eslint-plugin": "^5.12.0",
    "@typescript-eslint/parser": "^5.12.0",
    "eslint": "^8.9.0",
    "eslint-config-google": "^0.14.0",
    "eslint-plugin-import": "^2.25.4",
    "firebase-functions-test": "^3.1.0",
    "typescript": "^5.7.3"
  },
  "private": true
}
[debug] [2025-10-10T18:57:29.199Z] Building nodejs source
[debug] [2025-10-10T18:57:29.199Z] Failed to find version of module node: reached end of search path C:\Users\PLOTAGEM01\desenhar\functions\node_modules
[warn] !  functions: Your requested "node" version "20" doesn't match your global version "22". Using node@22 from host. 
[info] i  functions: Loaded environment variables from .env. 
[debug] [2025-10-10T18:57:29.207Z] Could not find functions.yaml. Must use http discovery
[debug] [2025-10-10T18:57:29.226Z] Found firebase-functions binary at 'C:\Users\PLOTAGEM01\desenhar\functions\node_modules\.bin\firebase-functions'
[info] Serving at port 8671

[debug] [2025-10-10T18:57:31.573Z] Got response from /__/functions.yaml {"endpoints":{"atendimentoApi":{"availableMemoryMb":null,"timeoutSeconds":null,"minInstances":null,"maxInstances":null,"ingressSettings":null,"concurrency":null,"serviceAccountEmail":null,"vpc":null,"platform":"gcfv2","region":["southamerica-east1"],"labels":{},"httpsTrigger":{},"entryPoint":"atendimentoApi"},"controlePedidosApi":{"availableMemoryMb":null,"timeoutSeconds":null,"minInstances":null,"maxInstances":null,"ingressSettings":null,"concurrency":null,"serviceAccountEmail":null,"vpc":null,"platform":"gcfv2","region":["southamerica-east1"],"labels":{},"httpsTrigger":{},"entryPoint":"controlePedidosApi"}},"specVersion":"v1alpha1","requiredAPIs":[],"extensions":{}}
[info] +  functions: Loaded functions definitions from source: atendimentoApi, controlePedidosApi. {"metadata":{"emulator":{"name":"functions"},"message":"Loaded functions definitions from source: atendimentoApi, controlePedidosApi."}}
[debug] [2025-10-10T19:00:58.113Z] File C:\Users\PLOTAGEM01\desenhar\functions\package-lock.json changed, reloading triggers {"metadata":{"emulator":{"name":"functions"},"message":"File C:\\Users\\PLOTAGEM01\\desenhar\\functions\\package-lock.json changed, reloading triggers"}}
[debug] [2025-10-10T19:00:58.172Z] File C:\Users\PLOTAGEM01\desenhar\functions\package-lock.json changed, reloading triggers {"metadata":{"emulator":{"name":"functions"},"message":"File C:\\Users\\PLOTAGEM01\\desenhar\\functions\\package-lock.json changed, reloading triggers"}}
[debug] [2025-10-10T19:00:59.181Z] Validating nodejs source
[warn] !  functions: package.json indicates an outdated version of firebase-functions. Please upgrade using npm install --save firebase-functions@latest in your functions directory. 
[debug] [2025-10-10T19:01:00.270Z] > [functions] package.json contents: {
  "name": "functions",
  "scripts": {
    "lint": "eslint .",
    "build": "tsc",
    "build:watch": "tsc --watch",
    "serve": "npm run build && firebase emulators:start --only functions",
    "shell": "npm run build && firebase functions:shell",
    "start": "npm run shell",
    "deploy": "firebase deploy --only functions",
    "logs": "firebase functions:log"
  },
  "engines": {
    "node": "20"
  },
  "main": "lib/index.js",
  "dependencies": {
    "axios": "^1.12.2",
    "express": "^4.18.2",
    "firebase-admin": "^12.6.0",
    "firebase-functions": "^6.4.0"
  },
  "devDependencies": {
    "@ljharb/tsconfig": "^0.3.2",
    "@typescript-eslint/eslint-plugin": "^5.12.0",
    "@typescript-eslint/parser": "^5.12.0",
    "eslint": "^8.9.0",
    "eslint-config-google": "^0.14.0",
    "eslint-plugin-import": "^2.25.4",
    "firebase-functions-test": "^3.1.0",
    "typescript": "^5.7.3"
  },
  "private": true
}
[debug] [2025-10-10T19:01:00.270Z] Building nodejs source
[debug] [2025-10-10T19:01:00.270Z] Failed to find version of module node: reached end of search path C:\Users\PLOTAGEM01\desenhar\functions\node_modules
[warn] !  functions: Your requested "node" version "20" doesn't match your global version "22". Using node@22 from host. 
[info] i  functions: Loaded environment variables from .env. 
[debug] [2025-10-10T19:01:00.272Z] Could not find functions.yaml. Must use http discovery
[debug] [2025-10-10T19:01:00.282Z] Found firebase-functions binary at 'C:\Users\PLOTAGEM01\desenhar\functions\node_modules\.bin\firebase-functions'
[info] Serving at port 8294

[debug] [2025-10-10T19:01:01.467Z] Got response from /__/functions.yaml {"endpoints":{"atendimentoApi":{"availableMemoryMb":null,"timeoutSeconds":null,"minInstances":null,"maxInstances":null,"ingressSettings":null,"concurrency":null,"serviceAccountEmail":null,"vpc":null,"platform":"gcfv2","region":["southamerica-east1"],"labels":{},"httpsTrigger":{},"entryPoint":"atendimentoApi"},"controlePedidosApi":{"availableMemoryMb":null,"timeoutSeconds":null,"minInstances":null,"maxInstances":null,"ingressSettings":null,"concurrency":null,"serviceAccountEmail":null,"vpc":null,"platform":"gcfv2","region":["southamerica-east1"],"labels":{},"httpsTrigger":{},"entryPoint":"controlePedidosApi"}},"specVersion":"v1alpha1","requiredAPIs":[],"extensions":{}}
[info] +  functions: Loaded functions definitions from source: atendimentoApi, controlePedidosApi. {"metadata":{"emulator":{"name":"functions"},"message":"Loaded functions definitions from source: atendimentoApi, controlePedidosApi."}}
[debug] [2025-10-10T19:04:34.438Z] File C:\Users\PLOTAGEM01\desenhar\functions\package-lock.json changed, reloading triggers {"metadata":{"emulator":{"name":"functions"},"message":"File C:\\Users\\PLOTAGEM01\\desenhar\\functions\\package-lock.json changed, reloading triggers"}}
[debug] [2025-10-10T19:04:34.497Z] File C:\Users\PLOTAGEM01\desenhar\functions\package-lock.json changed, reloading triggers {"metadata":{"emulator":{"name":"functions"},"message":"File C:\\Users\\PLOTAGEM01\\desenhar\\functions\\package-lock.json changed, reloading triggers"}}
[debug] [2025-10-10T19:04:35.509Z] Validating nodejs source
[warn] !  functions: package.json indicates an outdated version of firebase-functions. Please upgrade using npm install --save firebase-functions@latest in your functions directory. 
[debug] [2025-10-10T19:04:36.735Z] > [functions] package.json contents: {
  "name": "functions",
  "scripts": {
    "lint": "eslint .",
    "build": "tsc",
    "build:watch": "tsc --watch",
    "serve": "npm run build && firebase emulators:start --only functions",
    "shell": "npm run build && firebase functions:shell",
    "start": "npm run shell",
    "deploy": "firebase deploy --only functions",
    "logs": "firebase functions:log"
  },
  "engines": {
    "node": "20"
  },
  "main": "lib/index.js",
  "dependencies": {
    "axios": "^1.12.2",
    "express": "^4.18.2",
    "firebase-admin": "^12.6.0",
    "firebase-functions": "^6.4.0"
  },
  "devDependencies": {
    "@ljharb/tsconfig": "^0.3.2",
    "@typescript-eslint/eslint-plugin": "^5.12.0",
    "@typescript-eslint/parser": "^5.12.0",
    "eslint": "^8.9.0",
    "eslint-config-google": "^0.14.0",
    "eslint-plugin-import": "^2.25.4",
    "firebase-functions-test": "^3.1.0",
    "typescript": "^5.7.3"
  },
  "private": true
}
[debug] [2025-10-10T19:04:36.736Z] Building nodejs source
[debug] [2025-10-10T19:04:36.736Z] Failed to find version of module node: reached end of search path C:\Users\PLOTAGEM01\desenhar\functions\node_modules
[warn] !  functions: Your requested "node" version "20" doesn't match your global version "22". Using node@22 from host. 
[info] i  functions: Loaded environment variables from .env. 
[debug] [2025-10-10T19:04:36.738Z] Could not find functions.yaml. Must use http discovery
[debug] [2025-10-10T19:04:36.748Z] Found firebase-functions binary at 'C:\Users\PLOTAGEM01\desenhar\functions\node_modules\.bin\firebase-functions'
[info] Serving at port 8791

[debug] [2025-10-10T19:04:37.792Z] Got response from /__/functions.yaml {"endpoints":{"atendimentoApi":{"availableMemoryMb":null,"timeoutSeconds":null,"minInstances":null,"maxInstances":null,"ingressSettings":null,"concurrency":null,"serviceAccountEmail":null,"vpc":null,"platform":"gcfv2","region":["southamerica-east1"],"labels":{},"httpsTrigger":{},"entryPoint":"atendimentoApi"},"controlePedidosApi":{"availableMemoryMb":null,"timeoutSeconds":null,"minInstances":null,"maxInstances":null,"ingressSettings":null,"concurrency":null,"serviceAccountEmail":null,"vpc":null,"platform":"gcfv2","region":["southamerica-east1"],"labels":{},"httpsTrigger":{},"entryPoint":"controlePedidosApi"}},"specVersion":"v1alpha1","requiredAPIs":[],"extensions":{}}
[info] +  functions: Loaded functions definitions from source: atendimentoApi, controlePedidosApi. {"metadata":{"emulator":{"name":"functions"},"message":"Loaded functions definitions from source: atendimentoApi, controlePedidosApi."}}
[debug] [2025-10-10T19:12:56.619Z] File C:\Users\PLOTAGEM01\desenhar\functions\package-lock.json changed, reloading triggers {"metadata":{"emulator":{"name":"functions"},"message":"File C:\\Users\\PLOTAGEM01\\desenhar\\functions\\package-lock.json changed, reloading triggers"}}
[debug] [2025-10-10T19:12:56.720Z] File C:\Users\PLOTAGEM01\desenhar\functions\package-lock.json changed, reloading triggers {"metadata":{"emulator":{"name":"functions"},"message":"File C:\\Users\\PLOTAGEM01\\desenhar\\functions\\package-lock.json changed, reloading triggers"}}
[debug] [2025-10-10T19:12:57.724Z] Validating nodejs source
[warn] !  functions: package.json indicates an outdated version of firebase-functions. Please upgrade using npm install --save firebase-functions@latest in your functions directory. 
[debug] [2025-10-10T19:13:03.152Z] > [functions] package.json contents: {
  "name": "functions",
  "scripts": {
    "lint": "eslint .",
    "build": "tsc",
    "build:watch": "tsc --watch",
    "serve": "npm run build && firebase emulators:start --only functions",
    "shell": "npm run build && firebase functions:shell",
    "start": "npm run shell",
    "deploy": "firebase deploy --only functions",
    "logs": "firebase functions:log"
  },
  "engines": {
    "node": "20"
  },
  "main": "lib/index.js",
  "dependencies": {
    "axios": "^1.12.2",
    "express": "^4.18.2",
    "firebase-admin": "^12.6.0",
    "firebase-functions": "^6.4.0"
  },
  "devDependencies": {
    "@ljharb/tsconfig": "^0.3.2",
    "@typescript-eslint/eslint-plugin": "^5.12.0",
    "@typescript-eslint/parser": "^5.12.0",
    "eslint": "^8.9.0",
    "eslint-config-google": "^0.14.0",
    "eslint-plugin-import": "^2.25.4",
    "firebase-functions-test": "^3.1.0",
    "typescript": "^5.7.3"
  },
  "private": true
}
[debug] [2025-10-10T19:13:03.152Z] Building nodejs source
[debug] [2025-10-10T19:13:03.152Z] Failed to find version of module node: reached end of search path C:\Users\PLOTAGEM01\desenhar\functions\node_modules
[warn] !  functions: Your requested "node" version "20" doesn't match your global version "22". Using node@22 from host. 
[info] i  functions: Loaded environment variables from .env. 
[debug] [2025-10-10T19:13:03.154Z] Could not find functions.yaml. Must use http discovery
[debug] [2025-10-10T19:13:03.165Z] Found firebase-functions binary at 'C:\Users\PLOTAGEM01\desenhar\functions\node_modules\.bin\firebase-functions'
[info] Serving at port 8524

[debug] [2025-10-10T19:13:04.517Z] Got response from /__/functions.yaml {"endpoints":{"atendimentoApi":{"availableMemoryMb":null,"timeoutSeconds":null,"minInstances":null,"maxInstances":null,"ingressSettings":null,"concurrency":null,"serviceAccountEmail":null,"vpc":null,"platform":"gcfv2","region":["southamerica-east1"],"labels":{},"httpsTrigger":{},"entryPoint":"atendimentoApi"},"controlePedidosApi":{"availableMemoryMb":null,"timeoutSeconds":null,"minInstances":null,"maxInstances":null,"ingressSettings":null,"concurrency":null,"serviceAccountEmail":null,"vpc":null,"platform":"gcfv2","region":["southamerica-east1"],"labels":{},"httpsTrigger":{},"entryPoint":"controlePedidosApi"}},"specVersion":"v1alpha1","requiredAPIs":[],"extensions":{}}
[info] +  functions: Loaded functions definitions from source: atendimentoApi, controlePedidosApi. {"metadata":{"emulator":{"name":"functions"},"message":"Loaded functions definitions from source: atendimentoApi, controlePedidosApi."}}
[debug] [2025-10-10T19:17:07.589Z] File C:\Users\PLOTAGEM01\desenhar\functions\package-lock.json changed, reloading triggers {"metadata":{"emulator":{"name":"functions"},"message":"File C:\\Users\\PLOTAGEM01\\desenhar\\functions\\package-lock.json changed, reloading triggers"}}
[debug] [2025-10-10T19:17:07.654Z] File C:\Users\PLOTAGEM01\desenhar\functions\package-lock.json changed, reloading triggers {"metadata":{"emulator":{"name":"functions"},"message":"File C:\\Users\\PLOTAGEM01\\desenhar\\functions\\package-lock.json changed, reloading triggers"}}
[debug] [2025-10-10T19:17:08.659Z] Validating nodejs source
[warn] !  functions: package.json indicates an outdated version of firebase-functions. Please upgrade using npm install --save firebase-functions@latest in your functions directory. 
[debug] [2025-10-10T19:17:10.305Z] > [functions] package.json contents: {
  "name": "functions",
  "scripts": {
    "lint": "eslint .",
    "build": "tsc",
    "build:watch": "tsc --watch",
    "serve": "npm run build && firebase emulators:start --only functions",
    "shell": "npm run build && firebase functions:shell",
    "start": "npm run shell",
    "deploy": "firebase deploy --only functions",
    "logs": "firebase functions:log"
  },
  "engines": {
    "node": "20"
  },
  "main": "lib/index.js",
  "dependencies": {
    "axios": "^1.12.2",
    "express": "^4.18.2",
    "firebase-admin": "^12.6.0",
    "firebase-functions": "^6.4.0"
  },
  "devDependencies": {
    "@ljharb/tsconfig": "^0.3.2",
    "@typescript-eslint/eslint-plugin": "^5.12.0",
    "@typescript-eslint/parser": "^5.12.0",
    "eslint": "^8.9.0",
    "eslint-config-google": "^0.14.0",
    "eslint-plugin-import": "^2.25.4",
    "firebase-functions-test": "^3.1.0",
    "typescript": "^5.7.3"
  },
  "private": true
}
[debug] [2025-10-10T19:17:10.305Z] Building nodejs source
[debug] [2025-10-10T19:17:10.305Z] Failed to find version of module node: reached end of search path C:\Users\PLOTAGEM01\desenhar\functions\node_modules
[warn] !  functions: Your requested "node" version "20" doesn't match your global version "22". Using node@22 from host. 
[info] i  functions: Loaded environment variables from .env. 
[debug] [2025-10-10T19:17:10.307Z] Could not find functions.yaml. Must use http discovery
[debug] [2025-10-10T19:17:10.318Z] Found firebase-functions binary at 'C:\Users\PLOTAGEM01\desenhar\functions\node_modules\.bin\firebase-functions'
[info] Serving at port 8083

[debug] [2025-10-10T19:17:11.673Z] Got response from /__/functions.yaml {"endpoints":{"atendimentoApi":{"availableMemoryMb":null,"timeoutSeconds":null,"minInstances":null,"maxInstances":null,"ingressSettings":null,"concurrency":null,"serviceAccountEmail":null,"vpc":null,"platform":"gcfv2","region":["southamerica-east1"],"labels":{},"httpsTrigger":{},"entryPoint":"atendimentoApi"},"controlePedidosApi":{"availableMemoryMb":null,"timeoutSeconds":null,"minInstances":null,"maxInstances":null,"ingressSettings":null,"concurrency":null,"serviceAccountEmail":null,"vpc":null,"platform":"gcfv2","region":["southamerica-east1"],"labels":{},"httpsTrigger":{},"entryPoint":"controlePedidosApi"}},"specVersion":"v1alpha1","requiredAPIs":[],"extensions":{}}
[info] +  functions: Loaded functions definitions from source: atendimentoApi, controlePedidosApi. {"metadata":{"emulator":{"name":"functions"},"message":"Loaded functions definitions from source: atendimentoApi, controlePedidosApi."}}
[debug] [2025-10-10T19:20:25.498Z] File C:\Users\PLOTAGEM01\desenhar\functions\package-lock.json changed, reloading triggers {"metadata":{"emulator":{"name":"functions"},"message":"File C:\\Users\\PLOTAGEM01\\desenhar\\functions\\package-lock.json changed, reloading triggers"}}
[debug] [2025-10-10T19:20:25.626Z] File C:\Users\PLOTAGEM01\desenhar\functions\package-lock.json changed, reloading triggers {"metadata":{"emulator":{"name":"functions"},"message":"File C:\\Users\\PLOTAGEM01\\desenhar\\functions\\package-lock.json changed, reloading triggers"}}
[debug] [2025-10-10T19:20:26.683Z] Validating nodejs source
[warn] !  functions: package.json indicates an outdated version of firebase-functions. Please upgrade using npm install --save firebase-functions@latest in your functions directory. 
[debug] [2025-10-10T19:20:29.644Z] > [functions] package.json contents: {
  "name": "functions",
  "scripts": {
    "lint": "eslint .",
    "build": "tsc",
    "build:watch": "tsc --watch",
    "serve": "npm run build && firebase emulators:start --only functions",
    "shell": "npm run build && firebase functions:shell",
    "start": "npm run shell",
    "deploy": "firebase deploy --only functions",
    "logs": "firebase functions:log"
  },
  "engines": {
    "node": "20"
  },
  "main": "lib/index.js",
  "dependencies": {
    "axios": "^1.12.2",
    "express": "^4.18.2",
    "firebase-admin": "^12.6.0",
    "firebase-functions": "^6.4.0"
  },
  "devDependencies": {
    "@ljharb/tsconfig": "^0.3.2",
    "@typescript-eslint/eslint-plugin": "^5.12.0",
    "@typescript-eslint/parser": "^5.12.0",
    "eslint": "^8.9.0",
    "eslint-config-google": "^0.14.0",
    "eslint-plugin-import": "^2.25.4",
    "firebase-functions-test": "^3.1.0",
    "typescript": "^5.7.3"
  },
  "private": true
}
[debug] [2025-10-10T19:20:29.644Z] Building nodejs source
[debug] [2025-10-10T19:20:29.644Z] Failed to find version of module node: reached end of search path C:\Users\PLOTAGEM01\desenhar\functions\node_modules
[warn] !  functions: Your requested "node" version "20" doesn't match your global version "22". Using node@22 from host. 
[info] i  functions: Loaded environment variables from .env. 
[debug] [2025-10-10T19:20:29.660Z] Could not find functions.yaml. Must use http discovery
[debug] [2025-10-10T19:20:29.670Z] Found firebase-functions binary at 'C:\Users\PLOTAGEM01\desenhar\functions\node_modules\.bin\firebase-functions'
[info] Serving at port 8828

[debug] [2025-10-10T19:20:31.483Z] Got response from /__/functions.yaml {"endpoints":{"atendimentoApi":{"availableMemoryMb":null,"timeoutSeconds":null,"minInstances":null,"maxInstances":null,"ingressSettings":null,"concurrency":null,"serviceAccountEmail":null,"vpc":null,"platform":"gcfv2","region":["southamerica-east1"],"labels":{},"httpsTrigger":{},"entryPoint":"atendimentoApi"},"controlePedidosApi":{"availableMemoryMb":null,"timeoutSeconds":null,"minInstances":null,"maxInstances":null,"ingressSettings":null,"concurrency":null,"serviceAccountEmail":null,"vpc":null,"platform":"gcfv2","region":["southamerica-east1"],"labels":{},"httpsTrigger":{},"entryPoint":"controlePedidosApi"}},"specVersion":"v1alpha1","requiredAPIs":[],"extensions":{}}
[info] +  functions: Loaded functions definitions from source: atendimentoApi, controlePedidosApi. {"metadata":{"emulator":{"name":"functions"},"message":"Loaded functions definitions from source: atendimentoApi, controlePedidosApi."}}
[debug] [2025-10-10T19:22:21.199Z] File C:\Users\PLOTAGEM01\desenhar\functions\package-lock.json changed, reloading triggers {"metadata":{"emulator":{"name":"functions"},"message":"File C:\\Users\\PLOTAGEM01\\desenhar\\functions\\package-lock.json changed, reloading triggers"}}
[debug] [2025-10-10T19:22:21.272Z] File C:\Users\PLOTAGEM01\desenhar\functions\package-lock.json changed, reloading triggers {"metadata":{"emulator":{"name":"functions"},"message":"File C:\\Users\\PLOTAGEM01\\desenhar\\functions\\package-lock.json changed, reloading triggers"}}
[debug] [2025-10-10T19:22:22.277Z] Validating nodejs source
[warn] !  functions: package.json indicates an outdated version of firebase-functions. Please upgrade using npm install --save firebase-functions@latest in your functions directory. 
[debug] [2025-10-10T19:22:23.683Z] > [functions] package.json contents: {
  "name": "functions",
  "scripts": {
    "lint": "eslint .",
    "build": "tsc",
    "build:watch": "tsc --watch",
    "serve": "npm run build && firebase emulators:start --only functions",
    "shell": "npm run build && firebase functions:shell",
    "start": "npm run shell",
    "deploy": "firebase deploy --only functions",
    "logs": "firebase functions:log"
  },
  "engines": {
    "node": "20"
  },
  "main": "lib/index.js",
  "dependencies": {
    "axios": "^1.12.2",
    "express": "^4.18.2",
    "firebase-admin": "^12.6.0",
    "firebase-functions": "^6.4.0"
  },
  "devDependencies": {
    "@ljharb/tsconfig": "^0.3.2",
    "@typescript-eslint/eslint-plugin": "^5.12.0",
    "@typescript-eslint/parser": "^5.12.0",
    "eslint": "^8.9.0",
    "eslint-config-google": "^0.14.0",
    "eslint-plugin-import": "^2.25.4",
    "firebase-functions-test": "^3.1.0",
    "typescript": "^5.7.3"
  },
  "private": true
}
[debug] [2025-10-10T19:22:23.683Z] Building nodejs source
[debug] [2025-10-10T19:22:23.683Z] Failed to find version of module node: reached end of search path C:\Users\PLOTAGEM01\desenhar\functions\node_modules
[warn] !  functions: Your requested "node" version "20" doesn't match your global version "22". Using node@22 from host. 
[info] i  functions: Loaded environment variables from .env. 
[debug] [2025-10-10T19:22:23.690Z] Could not find functions.yaml. Must use http discovery
[debug] [2025-10-10T19:22:23.700Z] Found firebase-functions binary at 'C:\Users\PLOTAGEM01\desenhar\functions\node_modules\.bin\firebase-functions'
[info] Serving at port 8837

[debug] [2025-10-10T19:22:25.035Z] Got response from /__/functions.yaml {"endpoints":{"atendimentoApi":{"availableMemoryMb":null,"timeoutSeconds":null,"minInstances":null,"maxInstances":null,"ingressSettings":null,"concurrency":null,"serviceAccountEmail":null,"vpc":null,"platform":"gcfv2","region":["southamerica-east1"],"labels":{},"httpsTrigger":{},"entryPoint":"atendimentoApi"},"controlePedidosApi":{"availableMemoryMb":null,"timeoutSeconds":null,"minInstances":null,"maxInstances":null,"ingressSettings":null,"concurrency":null,"serviceAccountEmail":null,"vpc":null,"platform":"gcfv2","region":["southamerica-east1"],"labels":{},"httpsTrigger":{},"entryPoint":"controlePedidosApi"}},"specVersion":"v1alpha1","requiredAPIs":[],"extensions":{}}
[info] +  functions: Loaded functions definitions from source: atendimentoApi, controlePedidosApi. {"metadata":{"emulator":{"name":"functions"},"message":"Loaded functions definitions from source: atendimentoApi, controlePedidosApi."}}
[debug] [2025-10-10T19:32:14.617Z] File C:\Users\PLOTAGEM01\desenhar\functions\package-lock.json changed, reloading triggers {"metadata":{"emulator":{"name":"functions"},"message":"File C:\\Users\\PLOTAGEM01\\desenhar\\functions\\package-lock.json changed, reloading triggers"}}
[debug] [2025-10-10T19:32:14.689Z] File C:\Users\PLOTAGEM01\desenhar\functions\package-lock.json changed, reloading triggers {"metadata":{"emulator":{"name":"functions"},"message":"File C:\\Users\\PLOTAGEM01\\desenhar\\functions\\package-lock.json changed, reloading triggers"}}
[debug] [2025-10-10T19:32:15.712Z] Validating nodejs source
[warn] !  functions: package.json indicates an outdated version of firebase-functions. Please upgrade using npm install --save firebase-functions@latest in your functions directory. 
[debug] [2025-10-10T19:32:17.372Z] > [functions] package.json contents: {
  "name": "functions",
  "scripts": {
    "lint": "eslint .",
    "build": "tsc",
    "build:watch": "tsc --watch",
    "serve": "npm run build && firebase emulators:start --only functions",
    "shell": "npm run build && firebase functions:shell",
    "start": "npm run shell",
    "deploy": "firebase deploy --only functions",
    "logs": "firebase functions:log"
  },
  "engines": {
    "node": "20"
  },
  "main": "lib/index.js",
  "dependencies": {
    "axios": "^1.12.2",
    "express": "^4.18.2",
    "firebase-admin": "^12.6.0",
    "firebase-functions": "^6.4.0"
  },
  "devDependencies": {
    "@ljharb/tsconfig": "^0.3.2",
    "@typescript-eslint/eslint-plugin": "^5.12.0",
    "@typescript-eslint/parser": "^5.12.0",
    "eslint": "^8.9.0",
    "eslint-config-google": "^0.14.0",
    "eslint-plugin-import": "^2.25.4",
    "firebase-functions-test": "^3.1.0",
    "typescript": "^5.7.3"
  },
  "private": true
}
[debug] [2025-10-10T19:32:17.372Z] Building nodejs source
[debug] [2025-10-10T19:32:17.372Z] Failed to find version of module node: reached end of search path C:\Users\PLOTAGEM01\desenhar\functions\node_modules
[warn] !  functions: Your requested "node" version "20" doesn't match your global version "22". Using node@22 from host. 
[info] i  functions: Loaded environment variables from .env. 
[debug] [2025-10-10T19:32:17.377Z] Could not find functions.yaml. Must use http discovery
[debug] [2025-10-10T19:32:17.387Z] Found firebase-functions binary at 'C:\Users\PLOTAGEM01\desenhar\functions\node_modules\.bin\firebase-functions'
[info] Serving at port 8222

[debug] [2025-10-10T19:32:19.065Z] Got response from /__/functions.yaml {"endpoints":{"atendimentoApi":{"availableMemoryMb":null,"timeoutSeconds":null,"minInstances":null,"maxInstances":null,"ingressSettings":null,"concurrency":null,"serviceAccountEmail":null,"vpc":null,"platform":"gcfv2","region":["southamerica-east1"],"labels":{},"httpsTrigger":{},"entryPoint":"atendimentoApi"},"controlePedidosApi":{"availableMemoryMb":null,"timeoutSeconds":null,"minInstances":null,"maxInstances":null,"ingressSettings":null,"concurrency":null,"serviceAccountEmail":null,"vpc":null,"platform":"gcfv2","region":["southamerica-east1"],"labels":{},"httpsTrigger":{},"entryPoint":"controlePedidosApi"}},"specVersion":"v1alpha1","requiredAPIs":[],"extensions":{}}
[info] +  functions: Loaded functions definitions from source: atendimentoApi, controlePedidosApi. {"metadata":{"emulator":{"name":"functions"},"message":"Loaded functions definitions from source: atendimentoApi, controlePedidosApi."}}
[debug] [2025-10-10T19:50:09.662Z] File C:\Users\PLOTAGEM01\desenhar\functions\package-lock.json changed, reloading triggers {"metadata":{"emulator":{"name":"functions"},"message":"File C:\\Users\\PLOTAGEM01\\desenhar\\functions\\package-lock.json changed, reloading triggers"}}
[debug] [2025-10-10T19:50:09.728Z] File C:\Users\PLOTAGEM01\desenhar\functions\package-lock.json changed, reloading triggers {"metadata":{"emulator":{"name":"functions"},"message":"File C:\\Users\\PLOTAGEM01\\desenhar\\functions\\package-lock.json changed, reloading triggers"}}
[debug] [2025-10-10T19:50:10.745Z] Validating nodejs source
[warn] !  functions: package.json indicates an outdated version of firebase-functions. Please upgrade using npm install --save firebase-functions@latest in your functions directory. 
[debug] [2025-10-10T19:50:12.626Z] > [functions] package.json contents: {
  "name": "functions",
  "scripts": {
    "lint": "eslint .",
    "build": "tsc",
    "build:watch": "tsc --watch",
    "serve": "npm run build && firebase emulators:start --only functions",
    "shell": "npm run build && firebase functions:shell",
    "start": "npm run shell",
    "deploy": "firebase deploy --only functions",
    "logs": "firebase functions:log"
  },
  "engines": {
    "node": "20"
  },
  "main": "lib/index.js",
  "dependencies": {
    "axios": "^1.12.2",
    "express": "^4.18.2",
    "firebase-admin": "^12.6.0",
    "firebase-functions": "^6.4.0"
  },
  "devDependencies": {
    "@ljharb/tsconfig": "^0.3.2",
    "@typescript-eslint/eslint-plugin": "^5.12.0",
    "@typescript-eslint/parser": "^5.12.0",
    "eslint": "^8.9.0",
    "eslint-config-google": "^0.14.0",
    "eslint-plugin-import": "^2.25.4",
    "firebase-functions-test": "^3.1.0",
    "typescript": "^5.7.3"
  },
  "private": true
}
[debug] [2025-10-10T19:50:12.626Z] Building nodejs source
[debug] [2025-10-10T19:50:12.627Z] Failed to find version of module node: reached end of search path C:\Users\PLOTAGEM01\desenhar\functions\node_modules
[warn] !  functions: Your requested "node" version "20" doesn't match your global version "22". Using node@22 from host. 
[info] i  functions: Loaded environment variables from .env. 
[debug] [2025-10-10T19:50:12.629Z] Could not find functions.yaml. Must use http discovery
[debug] [2025-10-10T19:50:12.640Z] Found firebase-functions binary at 'C:\Users\PLOTAGEM01\desenhar\functions\node_modules\.bin\firebase-functions'
[info] Serving at port 8643

[debug] [2025-10-10T19:50:14.677Z] Got response from /__/functions.yaml {"endpoints":{"atendimentoApi":{"availableMemoryMb":null,"timeoutSeconds":null,"minInstances":null,"maxInstances":null,"ingressSettings":null,"concurrency":null,"serviceAccountEmail":null,"vpc":null,"platform":"gcfv2","region":["southamerica-east1"],"labels":{},"httpsTrigger":{},"entryPoint":"atendimentoApi"},"controlePedidosApi":{"availableMemoryMb":null,"timeoutSeconds":null,"minInstances":null,"maxInstances":null,"ingressSettings":null,"concurrency":null,"serviceAccountEmail":null,"vpc":null,"platform":"gcfv2","region":["southamerica-east1"],"labels":{},"httpsTrigger":{},"entryPoint":"controlePedidosApi"}},"specVersion":"v1alpha1","requiredAPIs":[],"extensions":{}}
[info] +  functions: Loaded functions definitions from source: atendimentoApi, controlePedidosApi. {"metadata":{"emulator":{"name":"functions"},"message":"Loaded functions definitions from source: atendimentoApi, controlePedidosApi."}}
